# 3ds Max Wavefront OBJ Exporter v0.97b - (c)2007 guruware
# ´´½¨µÄÎÄ¼ş:11.09.2025 10:35:44

#
# object D_M
#

v  5423.5811 1988.5402 589.4545
v  5225.4727 1988.5402 589.4545
v  5225.5015 1988.0402 589.9545
v  5423.5811 1988.0402 589.9545
v  5225.5303 1987.5402 589.4545
v  5423.5811 1987.5402 589.4545
v  5225.5015 1988.0402 588.9545
v  5423.5811 1988.0402 588.9545
v  5195.8291 1985.1200 589.4545
v  5195.9434 1984.6299 589.9545
v  5196.0576 1984.1398 589.4545
v  5195.9434 1984.6299 588.9545
v  5168.5776 1975.3691 589.4545
v  5168.7988 1974.9172 589.9545
v  5169.0200 1974.4653 589.4545
v  5168.7988 1974.9172 588.9545
v  5144.5303 1960.0723 589.4545
v  5144.8452 1959.6799 589.9545
v  5145.1602 1959.2876 589.4545
v  5144.8452 1959.6799 588.9545
v  5124.4692 1940.0107 589.4545
v  5124.8613 1939.6960 589.9545
v  5125.2539 1939.3813 589.4545
v  5124.8613 1939.6960 588.9545
v  5109.1724 1915.9641 589.4545
v  5109.6245 1915.7429 589.9545
v  5110.0762 1915.5217 589.4545
v  5109.6245 1915.7429 588.9545
v  5099.4219 1888.7128 589.4545
v  5099.9116 1888.5984 589.9545
v  5100.4019 1888.4840 589.4545
v  5099.9116 1888.5984 588.9545
v  5096.0015 1859.0688 589.4545
v  5096.5015 1859.0402 589.9545
v  5097.0015 1859.0115 589.4545
v  5096.5015 1859.0402 588.9545
v  5096.0015 268.0220 589.4545
v  5096.5015 267.9932 589.9545
v  5097.0015 267.9645 589.4545
v  5096.5015 267.9932 588.9545
v  5092.5938 238.5494 589.4545
v  5093.0835 238.4349 589.9545
v  5093.5737 238.3204 589.4545
v  5093.0835 238.4349 588.9545
v  5082.8975 211.5118 589.4545
v  5083.3491 211.2903 589.9545
v  5083.8008 211.0689 589.4545
v  5083.3491 211.2903 588.9545
v  5067.6855 187.6525 589.4545
v  5068.0776 187.3374 589.9545
v  5068.4697 187.0223 589.4545
v  5068.0776 187.3374 588.9545
v  5047.7344 167.7461 589.4545
v  5048.0488 167.3534 589.9545
v  5048.3628 166.9607 589.4545
v  5048.0488 167.3534 588.9545
v  5023.8208 152.5683 589.4545
v  5024.0420 152.1162 589.9545
v  5024.2627 151.6641 589.4545
v  5024.0420 152.1162 588.9545
v  4996.7217 142.8938 589.4545
v  4996.8359 142.4036 589.9545
v  4996.9502 141.9135 589.4545
v  4996.8359 142.4036 588.9545
v  4967.1826 139.4932 589.4545
v  4967.2114 138.9932 589.9545
v  4967.2402 138.4932 589.4545
v  4967.2114 138.9932 588.9545
v  1764.7626 139.4932 589.4544
v  1764.7339 138.9932 589.9544
v  1764.7052 138.4932 589.4544
v  1764.7339 138.9932 588.9544
v  1761.4110 139.8799 589.4544
v  1761.2969 139.3898 589.9544
v  1761.1827 138.8996 589.4544
v  1761.2969 139.3898 588.9544
v  1758.3615 140.9711 589.4544
v  1758.1405 140.5190 589.9544
v  1757.9196 140.0670 589.4544
v  1758.1405 140.5190 588.9544
v  1755.6704 142.6833 589.4544
v  1755.3556 142.2910 589.9544
v  1755.0408 141.8987 589.4544
v  1755.3556 142.2910 588.9544
v  1753.4242 144.9291 589.4544
v  1753.0316 144.6146 589.9544
v  1752.6390 144.3001 589.4544
v  1753.0316 144.6146 588.9544
v  1751.7117 147.6215 589.4544
v  1751.2600 147.3999 589.9544
v  1750.8083 147.1783 589.4544
v  1751.2600 147.3999 588.9544
v  1750.6207 150.6707 589.4544
v  1750.1306 150.5563 589.9544
v  1749.6405 150.4418 589.4544
v  1750.1306 150.5563 588.9544
v  1750.2339 154.0216 589.4544
v  1749.7339 153.9932 589.9544
v  1749.2339 153.9648 589.4544
v  1749.7339 153.9932 588.9544
v  1750.2339 358.3937 589.4544
v  1749.7339 358.4219 589.9544
v  1749.2339 358.4502 589.4544
v  1749.7339 358.4219 588.9544
v  1750.6207 361.7455 589.4544
v  1750.1304 361.8589 589.9544
v  1749.6400 361.9724 589.4544
v  1750.1304 361.8589 588.9544
v  1751.7118 364.7947 589.4544
v  1751.2595 365.0153 589.9544
v  1750.8073 365.2358 589.4544
v  1751.2595 365.0153 588.9544
v  1753.4246 367.4862 589.4544
v  1753.0319 367.8006 589.9544
v  1752.6392 368.1150 589.4544
v  1753.0319 367.8006 588.9544
v  1755.6704 369.7321 589.4544
v  1755.3553 370.1243 589.9544
v  1755.0403 370.5164 589.4544
v  1755.3553 370.1243 588.9544
v  1758.3618 371.4441 589.4544
v  1758.1406 371.8960 589.9544
v  1757.9194 372.3479 589.4544
v  1758.1406 371.8960 588.9544
v  1761.4111 372.5352 589.4544
v  1761.2969 373.0254 589.9544
v  1761.1826 373.5155 589.4544
v  1761.2969 373.0254 588.9544
v  1764.7627 372.9219 589.4544
v  1764.7339 373.4219 589.9544
v  1764.7051 373.9219 589.4544
v  1764.7339 373.4219 588.9544
v  1992.7108 372.9219 589.4545
v  1992.7107 373.4219 589.9545
v  1992.7106 373.9219 589.4545
v  1992.7107 373.4219 588.9545
# 136 vertices

vn 0.5773 0.8166 0.0002
vn -0.0574 0.9984 0.0000
vn -0.0015 0.0258 0.9997
vn 0.5773 -0.0001 0.8165
vn 0.0574 -0.9984 -0.0000
vn 0.5774 -0.8165 -0.0000
vn -0.0015 0.0258 -0.9997
vn 0.5774 -0.0001 -0.8165
vn -0.2272 0.9738 0.0000
vn -0.0116 0.0499 0.9987
vn 0.2272 -0.9738 0.0000
vn -0.0116 0.0499 -0.9987
vn -0.4395 0.8982 0.0000
vn -0.0219 0.0448 0.9988
vn 0.4395 -0.8982 -0.0000
vn -0.0219 0.0448 -0.9988
vn -0.6257 0.7801 0.0000
vn -0.0307 0.0382 0.9988
vn 0.6257 -0.7801 -0.0000
vn -0.0307 0.0382 -0.9988
vn -0.7801 0.6257 0.0000
vn -0.0382 0.0307 0.9988
vn 0.7801 -0.6257 -0.0000
vn -0.0382 0.0307 -0.9988
vn -0.8982 0.4395 0.0000
vn -0.0448 0.0219 0.9988
vn 0.8982 -0.4395 -0.0000
vn -0.0448 0.0219 -0.9988
vn -0.9738 0.2272 0.0000
vn -0.0499 0.0116 0.9987
vn 0.9738 -0.2272 -0.0000
vn -0.0499 0.0116 -0.9987
vn -0.9984 0.0574 0.0000
vn -0.0258 0.0015 0.9997
vn 0.9984 -0.0574 -0.0000
vn -0.0258 0.0015 -0.9997
vn -0.9983 0.0575 0.0000
vn 0.0258 -0.0015 0.9997
vn 0.9983 -0.0575 -0.0000
vn 0.0258 -0.0015 -0.9997
vn -0.9737 0.2277 0.0000
vn 0.0499 -0.0117 0.9987
vn 0.9737 -0.2277 -0.0000
vn 0.0499 -0.0117 -0.9987
vn -0.8978 0.4403 0.0000
vn 0.0449 -0.0220 0.9988
vn 0.8978 -0.4403 -0.0000
vn 0.0449 -0.0220 -0.9988
vn -0.7794 0.6265 0.0000
vn 0.0382 -0.0307 0.9988
vn 0.7794 -0.6265 -0.0000
vn 0.0382 -0.0307 -0.9988
vn -0.6248 0.7808 0.0000
vn 0.0306 -0.0382 0.9988
vn 0.6248 -0.7808 -0.0000
vn 0.0306 -0.0382 -0.9988
vn -0.4388 0.8986 0.0000
vn 0.0219 -0.0448 0.9988
vn 0.4388 -0.8986 -0.0000
vn 0.0219 -0.0448 -0.9988
vn -0.2268 0.9740 0.0000
vn 0.0116 -0.0498 0.9987
vn 0.2268 -0.9739 -0.0000
vn 0.0116 -0.0498 -0.9987
vn -0.0573 0.9984 -0.0000
vn 0.0015 -0.0257 0.9997
vn 0.0573 -0.9984 -0.0000
vn 0.0015 -0.0257 -0.9997
vn 0.0574 0.9984 -0.0000
vn -0.0015 -0.0258 0.9997
vn -0.0574 -0.9984 -0.0000
vn -0.0015 -0.0258 -0.9997
vn 0.2273 0.9738 -0.0000
vn -0.0117 -0.0498 0.9987
vn -0.2272 -0.9739 -0.0000
vn -0.0117 -0.0498 -0.9987
vn 0.4396 0.8982 0.0000
vn -0.0220 -0.0448 0.9988
vn -0.4395 -0.8982 0.0000
vn -0.0220 -0.0448 -0.9988
vn 0.6257 0.7801 0.0000
vn -0.0306 -0.0382 0.9988
vn -0.6257 -0.7801 -0.0000
vn -0.0306 -0.0382 -0.9988
vn 0.7801 0.6257 0.0000
vn -0.0382 -0.0307 0.9988
vn -0.7801 -0.6256 -0.0000
vn -0.0382 -0.0307 -0.9988
vn 0.8983 0.4395 0.0000
vn -0.0448 -0.0219 0.9988
vn -0.8982 -0.4396 -0.0000
vn -0.0448 -0.0219 -0.9988
vn 0.9738 0.2272 -0.0000
vn -0.0498 -0.0116 0.9987
vn -0.9738 -0.2273 -0.0000
vn -0.0498 -0.0116 -0.9987
vn 0.9983 0.0575 0.0000
vn -0.0258 -0.0015 0.9997
vn -0.9984 -0.0574 -0.0000
vn -0.0258 -0.0015 -0.9997
vn 0.9983 -0.0574 0.0000
vn -0.9984 0.0573 -0.0000
vn 0.9738 -0.2274 0.0000
vn -0.0498 0.0117 0.9987
vn -0.9739 0.2271 -0.0000
vn -0.0498 0.0117 -0.9987
vn 0.8981 -0.4397 -0.0000
vn -0.0448 0.0220 0.9988
vn -0.8983 0.4395 -0.0000
vn -0.0448 0.0220 -0.9988
vn 0.7800 -0.6258 0.0000
vn -0.7801 0.6256 -0.0000
vn 0.6256 -0.7801 -0.0000
vn -0.0306 0.0383 0.9988
vn -0.6257 0.7801 -0.0000
vn -0.0306 0.0383 -0.9988
vn 0.4395 -0.8982 0.0000
vn -0.4396 0.8982 0.0000
vn 0.2273 -0.9738 0.0000
vn -0.2272 0.9738 -0.0000
vn 0.0574 -0.9984 0.0000
vn 0.5774 -0.8164 -0.0000
vn 0.5774 0.0001 0.8165
vn 0.5773 0.8165 0.0000
vn 0.5774 0.0001 -0.8165
# 125 vertex normals

vt 0.0000 0.0000 0.0000
vt 198.0796 0.0000 0.0000
vt 198.0796 0.7854 0.0000
vt 0.0000 0.7854 0.0000
vt 198.0796 1.5708 0.0000
vt 0.0000 1.5708 0.0000
vt 198.0796 2.3562 0.0000
vt 0.0000 2.3562 0.0000
vt 198.0796 3.1416 0.0000
vt 0.0000 3.1416 0.0000
vt 227.8339 0.0000 0.0000
vt 227.8339 0.7854 0.0000
vt 227.8339 1.5708 0.0000
vt 227.8339 2.3562 0.0000
vt 227.8339 3.1416 0.0000
vt 256.6636 0.0000 0.0000
vt 256.6636 0.7854 0.0000
vt 256.6636 1.5708 0.0000
vt 256.6636 2.3562 0.0000
vt 256.6636 3.1416 0.0000
vt 285.0529 0.0000 0.0000
vt 285.0529 0.7854 0.0000
vt 285.0529 1.5708 0.0000
vt 285.0529 2.3562 0.0000
vt 285.0529 3.1416 0.0000
vt 313.3142 0.0000 0.0000
vt 313.3142 0.7854 0.0000
vt 313.3142 1.5708 0.0000
vt 313.3142 2.3562 0.0000
vt 313.3142 3.1416 0.0000
vt 341.7030 0.0000 0.0000
vt 341.7030 0.7854 0.0000
vt 341.7030 1.5708 0.0000
vt 341.7030 2.3562 0.0000
vt 341.7030 3.1416 0.0000
vt 370.5329 0.0000 0.0000
vt 370.5329 0.7854 0.0000
vt 370.5329 1.5708 0.0000
vt 370.5329 2.3562 0.0000
vt 370.5329 3.1416 0.0000
vt 400.2872 0.0000 0.0000
vt 400.2872 0.7854 0.0000
vt 400.2872 1.5708 0.0000
vt 400.2872 2.3562 0.0000
vt 400.2872 3.1416 0.0000
vt 1991.3341 0.0000 0.0000
vt 1991.3341 0.7854 0.0000
vt 1991.3341 1.5708 0.0000
vt 1991.3341 2.3562 0.0000
vt 1991.3341 3.1416 0.0000
vt 2021.0892 0.0000 0.0000
vt 2021.0892 0.7854 0.0000
vt 2021.0892 1.5708 0.0000
vt 2021.0892 2.3562 0.0000
vt 2021.0892 3.1416 0.0000
vt 2049.9268 0.0000 0.0000
vt 2049.9268 0.7854 0.0000
vt 2049.9268 1.5708 0.0000
vt 2049.9268 2.3562 0.0000
vt 2049.9268 3.1416 0.0000
vt 2078.3337 0.0000 0.0000
vt 2078.3337 0.7854 0.0000
vt 2078.3337 1.5708 0.0000
vt 2078.3337 2.3562 0.0000
vt 2078.3337 3.1416 0.0000
vt 2106.6272 0.0000 0.0000
vt 2106.6272 0.7854 0.0000
vt 2106.6272 1.5708 0.0000
vt 2106.6272 2.3562 0.0000
vt 2106.6272 3.1416 0.0000
vt 2135.0613 0.0000 0.0000
vt 2135.0613 0.7854 0.0000
vt 2135.0613 1.5708 0.0000
vt 2135.0613 2.3562 0.0000
vt 2135.0613 3.1416 0.0000
vt 2163.9485 0.0000 0.0000
vt 2163.9485 0.7854 0.0000
vt 2163.9485 1.5708 0.0000
vt 2163.9485 2.3562 0.0000
vt 2163.9485 3.1416 0.0000
vt 2193.7688 0.0000 0.0000
vt 2193.7688 0.7854 0.0000
vt 2193.7688 1.5708 0.0000
vt 2193.7688 2.3562 0.0000
vt 2193.7688 3.1416 0.0000
vt 5396.2461 0.0000 0.0000
vt 5396.2461 0.7854 0.0000
vt 5396.2461 1.5708 0.0000
vt 5396.2461 2.3562 0.0000
vt 5396.2461 3.1416 0.0000
vt 5399.7061 0.0000 0.0000
vt 5399.7061 0.7854 0.0000
vt 5399.7061 1.5708 0.0000
vt 5399.7061 2.3562 0.0000
vt 5399.7061 3.1416 0.0000
vt 5403.0586 0.0000 0.0000
vt 5403.0586 0.7854 0.0000
vt 5403.0586 1.5708 0.0000
vt 5403.0586 2.3562 0.0000
vt 5403.0586 3.1416 0.0000
vt 5406.3594 0.0000 0.0000
vt 5406.3594 0.7854 0.0000
vt 5406.3594 1.5708 0.0000
vt 5406.3594 2.3562 0.0000
vt 5406.3594 3.1416 0.0000
vt 5409.6455 0.0000 0.0000
vt 5409.6455 0.7854 0.0000
vt 5409.6455 1.5708 0.0000
vt 5409.6455 2.3562 0.0000
vt 5409.6455 3.1416 0.0000
vt 5412.9463 0.0000 0.0000
vt 5412.9463 0.7854 0.0000
vt 5412.9463 1.5708 0.0000
vt 5412.9463 2.3562 0.0000
vt 5412.9463 3.1416 0.0000
vt 5416.2988 0.0000 0.0000
vt 5416.2988 0.7854 0.0000
vt 5416.2988 1.5708 0.0000
vt 5416.2988 2.3562 0.0000
vt 5416.2988 3.1416 0.0000
vt 5419.7588 0.0000 0.0000
vt 5419.7588 0.7854 0.0000
vt 5419.7588 1.5708 0.0000
vt 5419.7588 2.3562 0.0000
vt 5419.7588 3.1416 0.0000
vt 5624.1875 0.0000 0.0000
vt 5624.1875 0.7854 0.0000
vt 5624.1875 1.5708 0.0000
vt 5624.1875 2.3562 0.0000
vt 5624.1875 3.1416 0.0000
vt 5627.6475 0.0000 0.0000
vt 5627.6475 0.7854 0.0000
vt 5627.6475 1.5708 0.0000
vt 5627.6475 2.3562 0.0000
vt 5627.6475 3.1416 0.0000
vt 5630.9995 0.0000 0.0000
vt 5630.9995 0.7854 0.0000
vt 5630.9995 1.5708 0.0000
vt 5630.9995 2.3562 0.0000
vt 5630.9995 3.1416 0.0000
vt 5634.3008 0.0000 0.0000
vt 5634.3008 0.7854 0.0000
vt 5634.3008 1.5708 0.0000
vt 5634.3008 2.3562 0.0000
vt 5634.3008 3.1416 0.0000
vt 5637.5869 0.0000 0.0000
vt 5637.5869 0.7854 0.0000
vt 5637.5869 1.5708 0.0000
vt 5637.5869 2.3562 0.0000
vt 5637.5869 3.1416 0.0000
vt 5640.8882 0.0000 0.0000
vt 5640.8882 0.7854 0.0000
vt 5640.8882 1.5708 0.0000
vt 5640.8882 2.3562 0.0000
vt 5640.8882 3.1416 0.0000
vt 5644.2402 0.0000 0.0000
vt 5644.2402 0.7854 0.0000
vt 5644.2402 1.5708 0.0000
vt 5644.2402 2.3562 0.0000
vt 5644.2402 3.1416 0.0000
vt 5647.7002 0.0000 0.0000
vt 5647.7002 0.7854 0.0000
vt 5647.7002 1.5708 0.0000
vt 5647.7002 2.3562 0.0000
vt 5647.7002 3.1416 0.0000
vt 5875.6768 0.0000 0.0000
vt 5875.6768 0.7854 0.0000
vt 5875.6768 1.5708 0.0000
vt 5875.6768 2.3562 0.0000
vt 5875.6768 3.1416 0.0000
# 170 texture coords

o D_M
g D_M
s 1
f 1/1/1 2/2/2 3/3/3 4/4/4 
s 2
f 4/4/4 3/3/3 5/5/5 6/6/6 
s 1
f 6/6/6 5/5/5 7/7/7 8/8/8 
s 2
f 8/8/8 7/7/7 2/9/2 1/10/1 
s 1
f 2/2/2 9/11/9 10/12/10 3/3/3 
s 2
f 3/3/3 10/12/10 11/13/11 5/5/5 
s 1
f 5/5/5 11/13/11 12/14/12 7/7/7 
s 2
f 7/7/7 12/14/12 9/15/9 2/9/2 
s 1
f 9/11/9 13/16/13 14/17/14 10/12/10 
s 2
f 10/12/10 14/17/14 15/18/15 11/13/11 
s 1
f 11/13/11 15/18/15 16/19/16 12/14/12 
s 2
f 12/14/12 16/19/16 13/20/13 9/15/9 
s 1
f 13/16/13 17/21/17 18/22/18 14/17/14 
s 2
f 14/17/14 18/22/18 19/23/19 15/18/15 
s 1
f 15/18/15 19/23/19 20/24/20 16/19/16 
s 2
f 16/19/16 20/24/20 17/25/17 13/20/13 
s 1
f 17/21/17 21/26/21 22/27/22 18/22/18 
s 2
f 18/22/18 22/27/22 23/28/23 19/23/19 
s 1
f 19/23/19 23/28/23 24/29/24 20/24/20 
s 2
f 20/24/20 24/29/24 21/30/21 17/25/17 
s 1
f 21/26/21 25/31/25 26/32/26 22/27/22 
s 2
f 22/27/22 26/32/26 27/33/27 23/28/23 
s 1
f 23/28/23 27/33/27 28/34/28 24/29/24 
s 2
f 24/29/24 28/34/28 25/35/25 21/30/21 
s 1
f 25/31/25 29/36/29 30/37/30 26/32/26 
s 2
f 26/32/26 30/37/30 31/38/31 27/33/27 
s 1
f 27/33/27 31/38/31 32/39/32 28/34/28 
s 2
f 28/34/28 32/39/32 29/40/29 25/35/25 
s 1
f 29/36/29 33/41/33 34/42/34 30/37/30 
s 2
f 30/37/30 34/42/34 35/43/35 31/38/31 
s 1
f 31/38/31 35/43/35 36/44/36 32/39/32 
s 2
f 32/39/32 36/44/36 33/45/33 29/40/29 
s 1
f 33/41/33 37/46/37 38/47/38 34/42/34 
s 2
f 34/42/34 38/47/38 39/48/39 35/43/35 
s 1
f 35/43/35 39/48/39 40/49/40 36/44/36 
s 2
f 36/44/36 40/49/40 37/50/37 33/45/33 
s 1
f 37/46/37 41/51/41 42/52/42 38/47/38 
s 2
f 38/47/38 42/52/42 43/53/43 39/48/39 
s 1
f 39/48/39 43/53/43 44/54/44 40/49/40 
s 2
f 40/49/40 44/54/44 41/55/41 37/50/37 
s 1
f 41/51/41 45/56/45 46/57/46 42/52/42 
s 2
f 42/52/42 46/57/46 47/58/47 43/53/43 
s 1
f 43/53/43 47/58/47 48/59/48 44/54/44 
s 2
f 44/54/44 48/59/48 45/60/45 41/55/41 
s 1
f 45/56/45 49/61/49 50/62/50 46/57/46 
s 2
f 46/57/46 50/62/50 51/63/51 47/58/47 
s 1
f 47/58/47 51/63/51 52/64/52 48/59/48 
s 2
f 48/59/48 52/64/52 49/65/49 45/60/45 
s 1
f 49/61/49 53/66/53 54/67/54 50/62/50 
s 2
f 50/62/50 54/67/54 55/68/55 51/63/51 
s 1
f 51/63/51 55/68/55 56/69/56 52/64/52 
s 2
f 52/64/52 56/69/56 53/70/53 49/65/49 
s 1
f 53/66/53 57/71/57 58/72/58 54/67/54 
s 2
f 54/67/54 58/72/58 59/73/59 55/68/55 
s 1
f 55/68/55 59/73/59 60/74/60 56/69/56 
s 2
f 56/69/56 60/74/60 57/75/57 53/70/53 
s 1
f 57/71/57 61/76/61 62/77/62 58/72/58 
s 2
f 58/72/58 62/77/62 63/78/63 59/73/59 
s 1
f 59/73/59 63/78/63 64/79/64 60/74/60 
s 2
f 60/74/60 64/79/64 61/80/61 57/75/57 
s 1
f 61/76/61 65/81/65 66/82/66 62/77/62 
s 2
f 62/77/62 66/82/66 67/83/67 63/78/63 
s 1
f 63/78/63 67/83/67 68/84/68 64/79/64 
s 2
f 64/79/64 68/84/68 65/85/65 61/80/61 
s 1
f 65/81/65 69/86/69 70/87/70 66/82/66 
s 2
f 66/82/66 70/87/70 71/88/71 67/83/67 
s 1
f 67/83/67 71/88/71 72/89/72 68/84/68 
s 2
f 68/84/68 72/89/72 69/90/69 65/85/65 
s 1
f 69/86/69 73/91/73 74/92/74 70/87/70 
s 2
f 70/87/70 74/92/74 75/93/75 71/88/71 
s 1
f 71/88/71 75/93/75 76/94/76 72/89/72 
s 2
f 72/89/72 76/94/76 73/95/73 69/90/69 
s 1
f 73/91/73 77/96/77 78/97/78 74/92/74 
s 2
f 74/92/74 78/97/78 79/98/79 75/93/75 
s 1
f 75/93/75 79/98/79 80/99/80 76/94/76 
s 2
f 76/94/76 80/99/80 77/100/77 73/95/73 
s 1
f 77/96/77 81/101/81 82/102/82 78/97/78 
s 2
f 78/97/78 82/102/82 83/103/83 79/98/79 
s 1
f 79/98/79 83/103/83 84/104/84 80/99/80 
s 2
f 80/99/80 84/104/84 81/105/81 77/100/77 
s 1
f 81/101/81 85/106/85 86/107/86 82/102/82 
s 2
f 82/102/82 86/107/86 87/108/87 83/103/83 
s 1
f 83/103/83 87/108/87 88/109/88 84/104/84 
s 2
f 84/104/84 88/109/88 85/110/85 81/105/81 
s 1
f 85/106/85 89/111/89 90/112/90 86/107/86 
s 2
f 86/107/86 90/112/90 91/113/91 87/108/87 
s 1
f 87/108/87 91/113/91 92/114/92 88/109/88 
s 2
f 88/109/88 92/114/92 89/115/89 85/110/85 
s 1
f 89/111/89 93/116/93 94/117/94 90/112/90 
s 2
f 90/112/90 94/117/94 95/118/95 91/113/91 
s 1
f 91/113/91 95/118/95 96/119/96 92/114/92 
s 2
f 92/114/92 96/119/96 93/120/93 89/115/89 
s 1
f 93/116/93 97/121/97 98/122/98 94/117/94 
s 2
f 94/117/94 98/122/98 99/123/99 95/118/95 
s 1
f 95/118/95 99/123/99 100/124/100 96/119/96 
s 2
f 96/119/96 100/124/100 97/125/97 93/120/93 
s 1
f 97/121/97 101/126/101 102/127/34 98/122/98 
s 2
f 98/122/98 102/127/34 103/128/102 99/123/99 
s 1
f 99/123/99 103/128/102 104/129/36 100/124/100 
s 2
f 100/124/100 104/129/36 101/130/101 97/125/97 
s 1
f 101/126/101 105/131/103 106/132/104 102/127/34 
s 2
f 102/127/34 106/132/104 107/133/105 103/128/102 
s 1
f 103/128/102 107/133/105 108/134/106 104/129/36 
s 2
f 104/129/36 108/134/106 105/135/103 101/130/101 
s 1
f 105/131/103 109/136/107 110/137/108 106/132/104 
s 2
f 106/132/104 110/137/108 111/138/109 107/133/105 
s 1
f 107/133/105 111/138/109 112/139/110 108/134/106 
s 2
f 108/134/106 112/139/110 109/140/107 105/135/103 
s 1
f 109/136/107 113/141/111 114/142/22 110/137/108 
s 2
f 110/137/108 114/142/22 115/143/112 111/138/109 
s 1
f 111/138/109 115/143/112 116/144/24 112/139/110 
s 2
f 112/139/110 116/144/24 113/145/111 109/140/107 
s 1
f 113/141/111 117/146/113 118/147/114 114/142/22 
s 2
f 114/142/22 118/147/114 119/148/115 115/143/112 
s 1
f 115/143/112 119/148/115 120/149/116 116/144/24 
s 2
f 116/144/24 120/149/116 117/150/113 113/145/111 
s 1
f 117/146/113 121/151/117 122/152/14 118/147/114 
s 2
f 118/147/114 122/152/14 123/153/118 119/148/115 
s 1
f 119/148/115 123/153/118 124/154/16 120/149/116 
s 2
f 120/149/116 124/154/16 121/155/117 117/150/113 
s 1
f 121/151/117 125/156/119 126/157/10 122/152/14 
s 2
f 122/152/14 126/157/10 127/158/120 123/153/118 
s 1
f 123/153/118 127/158/120 128/159/12 124/154/16 
s 2
f 124/154/16 128/159/12 125/160/119 121/155/117 
s 1
f 125/156/119 129/161/121 130/162/3 126/157/10 
s 2
f 126/157/10 130/162/3 131/163/2 127/158/120 
s 1
f 127/158/120 131/163/2 132/164/7 128/159/12 
s 2
f 128/159/12 132/164/7 129/165/121 125/160/119 
s 1
f 129/161/121 133/166/122 134/167/123 130/162/3 
s 2
f 130/162/3 134/167/123 135/168/124 131/163/2 
s 1
f 131/163/2 135/168/124 136/169/125 132/164/7 
s 2
f 132/164/7 136/169/125 133/170/122 129/165/121 
s 4
f 4/1/4 6/1/6 8/1/8 1/1/1 
f 135/1/124 134/1/123 133/1/122 
f 136/1/125 135/1/124 133/1/122 
# 133 polygons - 2 triangles

#
# object C_H
#

v  4445.7061 1988.1045 589.4545
v  4121.9009 1988.1045 589.4545
v  4121.9297 1987.6045 589.9545
v  4445.7061 1987.6045 589.9545
v  4121.9585 1987.1045 589.4545
v  4445.7061 1987.1045 589.4545
v  4121.9297 1987.6045 588.9545
v  4445.7061 1987.6045 588.9545
v  4084.0083 1983.7325 589.4545
v  4084.1226 1983.2424 589.9545
v  4084.2371 1982.7523 589.4545
v  4084.1226 1983.2424 588.9545
v  4049.1819 1971.2712 589.4545
v  4049.4028 1970.8193 589.9545
v  4049.6240 1970.3674 589.4545
v  4049.4028 1970.8193 588.9545
v  4018.4504 1951.7222 589.4545
v  4018.7651 1951.3298 589.9545
v  4019.0798 1950.9374 589.4545
v  4018.7651 1951.3298 588.9545
v  3992.8118 1926.0837 589.4545
v  3993.2041 1925.7690 589.9545
v  3993.5967 1925.4543 589.4545
v  3993.2041 1925.7690 588.9545
v  3973.2629 1895.3523 589.4545
v  3973.7148 1895.1312 589.9545
v  3974.1667 1894.9102 589.4545
v  3973.7148 1895.1312 588.9545
v  3960.8018 1860.5259 589.4545
v  3961.2917 1860.4115 589.9545
v  3961.7817 1860.2971 589.4545
v  3961.2917 1860.4115 588.9545
v  3956.4297 1822.6333 589.4545
v  3956.9297 1822.6045 589.9545
v  3957.4297 1822.5757 589.4545
v  3956.9297 1822.6045 588.9545
v  3956.4297 154.0220 589.4544
v  3956.9297 153.9932 589.9544
v  3957.4297 153.9645 589.4544
v  3956.9297 153.9932 588.9544
v  3956.0430 150.6706 589.4544
v  3956.5332 150.5562 589.9544
v  3957.0232 150.4418 589.4544
v  3956.5332 150.5562 588.9544
v  3954.9519 147.6208 589.4544
v  3955.4038 147.3997 589.9544
v  3955.8557 147.1786 589.4544
v  3955.4038 147.3997 588.9544
v  3953.2395 144.9294 589.4544
v  3953.6318 144.6147 589.9544
v  3954.0242 144.3000 589.4544
v  3953.6318 144.6147 588.9544
v  3950.9937 142.6833 589.4544
v  3951.3083 142.2910 589.9544
v  3951.6230 141.8986 589.4544
v  3951.3083 142.2910 588.9544
v  3948.3018 140.9711 589.4544
v  3948.5229 140.5192 589.9544
v  3948.7441 140.0673 589.4544
v  3948.5229 140.5192 588.9544
v  3945.2524 139.8799 589.4544
v  3945.3667 139.3898 589.9544
v  3945.4810 138.8997 589.4544
v  3945.3667 139.3898 588.9544
v  3941.9009 139.4932 589.4544
v  3941.9297 138.9932 589.9544
v  3941.9585 138.4932 589.4544
v  3941.9297 138.9932 588.9544
v  1764.7626 139.4932 589.4544
v  1764.7339 138.9932 589.9544
v  1764.7052 138.4932 589.4544
v  1764.7339 138.9932 588.9544
v  1761.4111 139.8799 589.4544
v  1761.2969 139.3897 589.9544
v  1761.1826 138.8995 589.4544
v  1761.2969 139.3897 588.9544
v  1758.3613 140.9710 589.4544
v  1758.1404 140.5190 589.9544
v  1757.9194 140.0670 589.4544
v  1758.1404 140.5190 588.9544
v  1755.6703 142.6832 589.4544
v  1755.3553 142.2910 589.9544
v  1755.0404 141.8987 589.4544
v  1755.3553 142.2910 588.9544
v  1753.4242 144.9291 589.4544
v  1753.0316 144.6146 589.9544
v  1752.6390 144.3002 589.4544
v  1753.0316 144.6146 588.9544
v  1751.7117 147.6215 589.4544
v  1751.2599 147.4000 589.9544
v  1750.8081 147.1785 589.4544
v  1751.2599 147.4000 588.9544
v  1750.6206 150.6706 589.4544
v  1750.1305 150.5562 589.9544
v  1749.6404 150.4418 589.4544
v  1750.1305 150.5562 588.9544
v  1750.2339 154.0215 589.4544
v  1749.7339 153.9932 589.9544
v  1749.2339 153.9649 589.4544
v  1749.7339 153.9932 588.9544
v  1750.2339 895.6531 589.4545
v  1749.7339 895.6814 589.9545
v  1749.2339 895.7097 589.4545
v  1749.7339 895.6814 588.9545
v  1750.6205 899.0040 589.4545
v  1750.1304 899.1184 589.9545
v  1749.6403 899.2328 589.4545
v  1750.1304 899.1184 588.9545
v  1751.7114 902.0533 589.4545
v  1751.2596 902.2747 589.9545
v  1750.8079 902.4962 589.4545
v  1751.2596 902.2747 588.9545
v  1753.4243 904.7456 589.4545
v  1753.0317 905.0600 589.9545
v  1752.6392 905.3745 589.4545
v  1753.0317 905.0600 588.9545
v  1755.6703 906.9915 589.4545
v  1755.3553 907.3837 589.9545
v  1755.0404 907.7759 589.4545
v  1755.3553 907.3837 588.9545
v  1758.3617 908.7035 589.4545
v  1758.1406 909.1555 589.9545
v  1757.9196 909.6074 589.4545
v  1758.1406 909.1555 588.9545
v  1761.4111 909.7947 589.4545
v  1761.2970 910.2849 589.9545
v  1761.1829 910.7750 589.4545
v  1761.2970 910.2849 588.9545
v  1764.7626 910.1814 589.4545
v  1764.7339 910.6814 589.9545
v  1764.7052 911.1814 589.4545
v  1764.7339 910.6814 588.9545
v  1992.7108 910.1814 589.4545
v  1992.7108 910.6814 589.9545
v  1992.7108 911.1814 589.4545
v  1992.7108 910.6814 588.9545
# 136 vertices

vn 0.5773 0.8166 -0.0002
vn -0.0574 0.9984 0.0000
vn -0.0015 0.0258 0.9997
vn 0.5773 -0.0001 0.8165
vn 0.0574 -0.9984 -0.0000
vn 0.5774 -0.8165 -0.0000
vn -0.0015 0.0258 -0.9997
vn 0.5774 -0.0001 -0.8165
vn -0.2272 0.9738 0.0000
vn -0.0116 0.0499 0.9987
vn 0.2272 -0.9738 0.0000
vn -0.0116 0.0499 -0.9987
vn -0.4395 0.8982 0.0000
vn -0.0219 0.0448 0.9988
vn 0.4395 -0.8982 0.0000
vn -0.0219 0.0448 -0.9988
vn -0.6257 0.7801 0.0000
vn -0.0307 0.0382 0.9988
vn 0.6257 -0.7801 -0.0000
vn -0.0307 0.0382 -0.9988
vn -0.7801 0.6257 0.0000
vn -0.0382 0.0307 0.9988
vn 0.7801 -0.6257 -0.0000
vn -0.0382 0.0307 -0.9988
vn -0.8982 0.4395 0.0000
vn -0.0448 0.0219 0.9988
vn 0.8982 -0.4395 0.0000
vn -0.0448 0.0219 -0.9988
vn -0.9738 0.2272 0.0000
vn -0.0499 0.0116 0.9987
vn 0.9738 -0.2272 -0.0000
vn -0.0499 0.0116 -0.9987
vn -0.9984 0.0574 -0.0000
vn -0.0258 0.0015 0.9997
vn 0.9984 -0.0574 -0.0000
vn -0.0258 0.0015 -0.9997
vn -0.9984 0.0574 0.0000
vn 0.0258 -0.0015 0.9997
vn 0.9984 -0.0574 0.0000
vn 0.0258 -0.0015 -0.9997
vn 0.0499 -0.0116 0.9987
vn 0.0499 -0.0116 -0.9987
vn -0.8982 0.4396 0.0000
vn 0.0449 -0.0220 0.9988
vn 0.8982 -0.4396 -0.0000
vn 0.0449 -0.0220 -0.9988
vn 0.0382 -0.0306 0.9988
vn 0.7801 -0.6257 0.0000
vn 0.0382 -0.0306 -0.9988
vn 0.0307 -0.0382 0.9988
vn 0.6257 -0.7801 0.0000
vn 0.0307 -0.0382 -0.9988
vn 0.0219 -0.0448 0.9988
vn 0.4395 -0.8982 -0.0000
vn 0.0219 -0.0448 -0.9988
vn 0.0116 -0.0499 0.9987
vn 0.0116 -0.0499 -0.9987
vn 0.0015 -0.0258 0.9997
vn 0.0015 -0.0258 -0.9997
vn 0.0574 0.9984 0.0000
vn -0.0015 -0.0258 0.9997
vn -0.0574 -0.9984 0.0000
vn -0.0015 -0.0258 -0.9997
vn 0.2272 0.9738 0.0000
vn -0.0116 -0.0498 0.9987
vn -0.2272 -0.9739 -0.0000
vn -0.0116 -0.0498 -0.9987
vn 0.4396 0.8982 0.0000
vn -0.0220 -0.0448 0.9988
vn -0.4395 -0.8982 -0.0000
vn -0.0220 -0.0448 -0.9988
vn 0.6257 0.7801 0.0000
vn -0.0306 -0.0382 0.9988
vn -0.6257 -0.7800 -0.0000
vn -0.0306 -0.0382 -0.9988
vn 0.7801 0.6257 0.0000
vn -0.0382 -0.0307 0.9988
vn -0.7801 -0.6256 -0.0000
vn -0.0382 -0.0307 -0.9988
vn 0.8982 0.4395 0.0000
vn -0.0448 -0.0219 0.9988
vn -0.8982 -0.4396 0.0000
vn -0.0448 -0.0219 -0.9988
vn 0.9738 0.2273 0.0000
vn -0.0499 -0.0116 0.9987
vn -0.9738 -0.2273 0.0000
vn -0.0499 -0.0116 -0.9987
vn 0.9983 0.0574 -0.0000
vn -0.0258 -0.0015 0.9997
vn -0.9984 -0.0574 0.0000
vn -0.0258 -0.0015 -0.9997
vn 0.9738 -0.2272 0.0000
vn -0.9738 0.2272 -0.0000
vn 0.8982 -0.4395 -0.0000
vn -0.0449 0.0219 0.9988
vn -0.8982 0.4396 -0.0000
vn -0.0449 0.0219 -0.9988
vn 0.7800 -0.6257 -0.0000
vn 0.6256 -0.7801 0.0000
vn -0.0306 0.0382 0.9988
vn -0.6257 0.7801 -0.0000
vn -0.0306 0.0382 -0.9988
vn 0.2273 -0.9738 -0.0000
vn -0.0117 0.0498 0.9987
vn -0.0117 0.0498 -0.9987
vn 0.0574 -0.9984 0.0000
vn 0.5774 -0.0000 0.8165
vn 0.5774 0.8165 0.0000
vn 0.5774 0.0000 -0.8165
# 109 vertex normals

vt 0.0000 0.0000 0.0000
vt 0.0000 0.0592 0.0000
vt 0.2500 0.0592 0.0000
vt 0.2500 0.0000 0.0000
vt 0.5000 0.0592 0.0000
vt 0.5000 0.0000 0.0000
vt 0.7500 0.0592 0.0000
vt 0.7500 0.0000 0.0000
vt 1.0000 0.0592 0.0000
vt 1.0000 0.0000 0.0000
vt 0.0000 0.0662 0.0000
vt 0.2500 0.0662 0.0000
vt 0.5000 0.0662 0.0000
vt 0.7500 0.0662 0.0000
vt 1.0000 0.0662 0.0000
vt 0.0000 0.0729 0.0000
vt 0.2500 0.0729 0.0000
vt 0.5000 0.0729 0.0000
vt 0.7500 0.0729 0.0000
vt 1.0000 0.0729 0.0000
vt 0.0000 0.0796 0.0000
vt 0.2500 0.0796 0.0000
vt 0.5000 0.0796 0.0000
vt 0.7500 0.0796 0.0000
vt 1.0000 0.0796 0.0000
vt 0.0000 0.0862 0.0000
vt 0.2500 0.0862 0.0000
vt 0.5000 0.0862 0.0000
vt 0.7500 0.0862 0.0000
vt 1.0000 0.0862 0.0000
vt 0.0000 0.0928 0.0000
vt 0.2500 0.0928 0.0000
vt 0.5000 0.0928 0.0000
vt 0.7500 0.0928 0.0000
vt 1.0000 0.0928 0.0000
vt 0.0000 0.0995 0.0000
vt 0.2500 0.0995 0.0000
vt 0.5000 0.0995 0.0000
vt 0.7500 0.0995 0.0000
vt 1.0000 0.0995 0.0000
vt 0.0000 0.1065 0.0000
vt 0.2500 0.1065 0.0000
vt 0.5000 0.1065 0.0000
vt 0.7500 0.1065 0.0000
vt 1.0000 0.1065 0.0000
vt 0.0000 0.4116 0.0000
vt 0.2500 0.4116 0.0000
vt 0.5000 0.4116 0.0000
vt 0.7500 0.4116 0.0000
vt 1.0000 0.4116 0.0000
vt 0.0000 0.4123 0.0000
vt 0.2500 0.4123 0.0000
vt 0.5000 0.4123 0.0000
vt 0.7500 0.4123 0.0000
vt 1.0000 0.4123 0.0000
vt 0.0000 0.4129 0.0000
vt 0.2500 0.4129 0.0000
vt 0.5000 0.4129 0.0000
vt 0.7500 0.4129 0.0000
vt 1.0000 0.4129 0.0000
vt 0.0000 0.4135 0.0000
vt 0.2500 0.4135 0.0000
vt 0.5000 0.4135 0.0000
vt 0.7500 0.4135 0.0000
vt 1.0000 0.4135 0.0000
vt 0.0000 0.4141 0.0000
vt 0.2500 0.4141 0.0000
vt 0.5000 0.4141 0.0000
vt 0.7500 0.4141 0.0000
vt 1.0000 0.4141 0.0000
vt 0.0000 0.4147 0.0000
vt 0.2500 0.4147 0.0000
vt 0.5000 0.4147 0.0000
vt 0.7500 0.4147 0.0000
vt 1.0000 0.4147 0.0000
vt 0.0000 0.4153 0.0000
vt 0.2500 0.4153 0.0000
vt 0.5000 0.4153 0.0000
vt 0.7500 0.4153 0.0000
vt 1.0000 0.4153 0.0000
vt 0.0000 0.4159 0.0000
vt 0.2500 0.4159 0.0000
vt 0.5000 0.4159 0.0000
vt 0.7500 0.4159 0.0000
vt 1.0000 0.4159 0.0000
vt 0.0000 0.8141 0.0000
vt 0.2500 0.8141 0.0000
vt 0.5000 0.8141 0.0000
vt 0.7500 0.8141 0.0000
vt 1.0000 0.8141 0.0000
vt 0.0000 0.8147 0.0000
vt 0.2500 0.8147 0.0000
vt 0.5000 0.8147 0.0000
vt 0.7500 0.8147 0.0000
vt 1.0000 0.8147 0.0000
vt 0.0000 0.8153 0.0000
vt 0.2500 0.8153 0.0000
vt 0.5000 0.8153 0.0000
vt 0.7500 0.8153 0.0000
vt 1.0000 0.8153 0.0000
vt 0.0000 0.8159 0.0000
vt 0.2500 0.8159 0.0000
vt 0.5000 0.8159 0.0000
vt 0.7500 0.8159 0.0000
vt 1.0000 0.8159 0.0000
vt 0.0000 0.8165 0.0000
vt 0.2500 0.8165 0.0000
vt 0.5000 0.8165 0.0000
vt 0.7500 0.8165 0.0000
vt 1.0000 0.8165 0.0000
vt 0.0000 0.8171 0.0000
vt 0.2500 0.8171 0.0000
vt 0.5000 0.8171 0.0000
vt 0.7500 0.8171 0.0000
vt 1.0000 0.8171 0.0000
vt 0.0000 0.8177 0.0000
vt 0.2500 0.8177 0.0000
vt 0.5000 0.8177 0.0000
vt 0.7500 0.8177 0.0000
vt 1.0000 0.8177 0.0000
vt 0.0000 0.8184 0.0000
vt 0.2500 0.8184 0.0000
vt 0.5000 0.8184 0.0000
vt 0.7500 0.8184 0.0000
vt 1.0000 0.8184 0.0000
vt 0.0000 0.9540 0.0000
vt 0.2500 0.9540 0.0000
vt 0.5000 0.9540 0.0000
vt 0.7500 0.9540 0.0000
vt 1.0000 0.9540 0.0000
vt 0.0000 0.9546 0.0000
vt 0.2500 0.9546 0.0000
vt 0.5000 0.9546 0.0000
vt 0.7500 0.9546 0.0000
vt 1.0000 0.9546 0.0000
vt 0.0000 0.9553 0.0000
vt 0.2500 0.9553 0.0000
vt 0.5000 0.9553 0.0000
vt 0.7500 0.9553 0.0000
vt 1.0000 0.9553 0.0000
vt 0.0000 0.9559 0.0000
vt 0.2500 0.9559 0.0000
vt 0.5000 0.9559 0.0000
vt 0.7500 0.9559 0.0000
vt 1.0000 0.9559 0.0000
vt 0.0000 0.9565 0.0000
vt 0.2500 0.9565 0.0000
vt 0.5000 0.9565 0.0000
vt 0.7500 0.9565 0.0000
vt 1.0000 0.9565 0.0000
vt 0.0000 0.9571 0.0000
vt 0.2500 0.9571 0.0000
vt 0.5000 0.9571 0.0000
vt 0.7500 0.9571 0.0000
vt 1.0000 0.9571 0.0000
vt 0.0000 0.9577 0.0000
vt 0.2500 0.9577 0.0000
vt 0.5000 0.9577 0.0000
vt 0.7500 0.9577 0.0000
vt 1.0000 0.9577 0.0000
vt 0.0000 0.9583 0.0000
vt 0.2500 0.9583 0.0000
vt 0.5000 0.9583 0.0000
vt 0.7500 0.9583 0.0000
vt 1.0000 0.9583 0.0000
vt 0.0000 1.0000 0.0000
vt 0.2500 1.0000 0.0000
vt 0.5000 1.0000 0.0000
vt 0.7500 1.0000 0.0000
vt 1.0000 1.0000 0.0000
# 170 texture coords

o C_H
g C_H
s 1
f 137/171/126 138/172/127 139/173/128 140/174/129 
s 2
f 140/174/129 139/173/128 141/175/130 142/176/131 
s 1
f 142/176/131 141/175/130 143/177/132 144/178/133 
s 2
f 144/178/133 143/177/132 138/179/127 137/180/126 
s 1
f 138/172/127 145/181/134 146/182/135 139/173/128 
s 2
f 139/173/128 146/182/135 147/183/136 141/175/130 
s 1
f 141/175/130 147/183/136 148/184/137 143/177/132 
s 2
f 143/177/132 148/184/137 145/185/134 138/179/127 
s 1
f 145/181/134 149/186/138 150/187/139 146/182/135 
s 2
f 146/182/135 150/187/139 151/188/140 147/183/136 
s 1
f 147/183/136 151/188/140 152/189/141 148/184/137 
s 2
f 148/184/137 152/189/141 149/190/138 145/185/134 
s 1
f 149/186/138 153/191/142 154/192/143 150/187/139 
s 2
f 150/187/139 154/192/143 155/193/144 151/188/140 
s 1
f 151/188/140 155/193/144 156/194/145 152/189/141 
s 2
f 152/189/141 156/194/145 153/195/142 149/190/138 
s 1
f 153/191/142 157/196/146 158/197/147 154/192/143 
s 2
f 154/192/143 158/197/147 159/198/148 155/193/144 
s 1
f 155/193/144 159/198/148 160/199/149 156/194/145 
s 2
f 156/194/145 160/199/149 157/200/146 153/195/142 
s 1
f 157/196/146 161/201/150 162/202/151 158/197/147 
s 2
f 158/197/147 162/202/151 163/203/152 159/198/148 
s 1
f 159/198/148 163/203/152 164/204/153 160/199/149 
s 2
f 160/199/149 164/204/153 161/205/150 157/200/146 
s 1
f 161/201/150 165/206/154 166/207/155 162/202/151 
s 2
f 162/202/151 166/207/155 167/208/156 163/203/152 
s 1
f 163/203/152 167/208/156 168/209/157 164/204/153 
s 2
f 164/204/153 168/209/157 165/210/154 161/205/150 
s 1
f 165/206/154 169/211/158 170/212/159 166/207/155 
s 2
f 166/207/155 170/212/159 171/213/160 167/208/156 
s 1
f 167/208/156 171/213/160 172/214/161 168/209/157 
s 2
f 168/209/157 172/214/161 169/215/158 165/210/154 
s 1
f 169/211/158 173/216/162 174/217/163 170/212/159 
s 2
f 170/212/159 174/217/163 175/218/164 171/213/160 
s 1
f 171/213/160 175/218/164 176/219/165 172/214/161 
s 2
f 172/214/161 176/219/165 173/220/162 169/215/158 
s 1
f 173/216/162 177/221/154 178/222/166 174/217/163 
s 2
f 174/217/163 178/222/166 179/223/156 175/218/164 
s 1
f 175/218/164 179/223/156 180/224/167 176/219/165 
s 2
f 176/219/165 180/224/167 177/225/154 173/220/162 
s 1
f 177/221/154 181/226/168 182/227/169 178/222/166 
s 2
f 178/222/166 182/227/169 183/228/170 179/223/156 
s 1
f 179/223/156 183/228/170 184/229/171 180/224/167 
s 2
f 180/224/167 184/229/171 181/230/168 177/225/154 
s 1
f 181/226/168 185/231/146 186/232/172 182/227/169 
s 2
f 182/227/169 186/232/172 187/233/173 183/228/170 
s 1
f 183/228/170 187/233/173 188/234/174 184/229/171 
s 2
f 184/229/171 188/234/174 185/235/146 181/230/168 
s 1
f 185/231/146 189/236/142 190/237/175 186/232/172 
s 2
f 186/232/172 190/237/175 191/238/176 187/233/173 
s 1
f 187/233/173 191/238/176 192/239/177 188/234/174 
s 2
f 188/234/174 192/239/177 189/240/142 185/235/146 
s 1
f 189/236/142 193/241/138 194/242/178 190/237/175 
s 2
f 190/237/175 194/242/178 195/243/179 191/238/176 
s 1
f 191/238/176 195/243/179 196/244/180 192/239/177 
s 2
f 192/239/177 196/244/180 193/245/138 189/240/142 
s 1
f 193/241/138 197/246/134 198/247/181 194/242/178 
s 2
f 194/242/178 198/247/181 199/248/136 195/243/179 
s 1
f 195/243/179 199/248/136 200/249/182 196/244/180 
s 2
f 196/244/180 200/249/182 197/250/134 193/245/138 
s 1
f 197/246/134 201/251/127 202/252/183 198/247/181 
s 2
f 198/247/181 202/252/183 203/253/130 199/248/136 
s 1
f 199/248/136 203/253/130 204/254/184 200/249/182 
s 2
f 200/249/182 204/254/184 201/255/127 197/250/134 
s 1
f 201/251/127 205/256/185 206/257/186 202/252/183 
s 2
f 202/252/183 206/257/186 207/258/187 203/253/130 
s 1
f 203/253/130 207/258/187 208/259/188 204/254/184 
s 2
f 204/254/184 208/259/188 205/260/185 201/255/127 
s 1
f 205/256/185 209/261/189 210/262/190 206/257/186 
s 2
f 206/257/186 210/262/190 211/263/191 207/258/187 
s 1
f 207/258/187 211/263/191 212/264/192 208/259/188 
s 2
f 208/259/188 212/264/192 209/265/189 205/260/185 
s 1
f 209/261/189 213/266/193 214/267/194 210/262/190 
s 2
f 210/262/190 214/267/194 215/268/195 211/263/191 
s 1
f 211/263/191 215/268/195 216/269/196 212/264/192 
s 2
f 212/264/192 216/269/196 213/270/193 209/265/189 
s 1
f 213/266/193 217/271/197 218/272/198 214/267/194 
s 2
f 214/267/194 218/272/198 219/273/199 215/268/195 
s 1
f 215/268/195 219/273/199 220/274/200 216/269/196 
s 2
f 216/269/196 220/274/200 217/275/197 213/270/193 
s 1
f 217/271/197 221/276/201 222/277/202 218/272/198 
s 2
f 218/272/198 222/277/202 223/278/203 219/273/199 
s 1
f 219/273/199 223/278/203 224/279/204 220/274/200 
s 2
f 220/274/200 224/279/204 221/280/201 217/275/197 
s 1
f 221/276/201 225/281/205 226/282/206 222/277/202 
s 2
f 222/277/202 226/282/206 227/283/207 223/278/203 
s 1
f 223/278/203 227/283/207 228/284/208 224/279/204 
s 2
f 224/279/204 228/284/208 225/285/205 221/280/201 
s 1
f 225/281/205 229/286/209 230/287/210 226/282/206 
s 2
f 226/282/206 230/287/210 231/288/211 227/283/207 
s 1
f 227/283/207 231/288/211 232/289/212 228/284/208 
s 2
f 228/284/208 232/289/212 229/290/209 225/285/205 
s 1
f 229/286/209 233/291/213 234/292/214 230/287/210 
s 2
f 230/287/210 234/292/214 235/293/215 231/288/211 
s 1
f 231/288/211 235/293/215 236/294/216 232/289/212 
s 2
f 232/289/212 236/294/216 233/295/213 229/290/209 
s 1
f 233/291/213 237/296/160 238/297/159 234/292/214 
s 2
f 234/292/214 238/297/159 239/298/162 235/293/215 
s 1
f 235/293/215 239/298/162 240/299/161 236/294/216 
s 2
f 236/294/216 240/299/161 237/300/160 233/295/213 
s 1
f 237/296/160 241/301/217 242/302/155 238/297/159 
s 2
f 238/297/159 242/302/155 243/303/218 239/298/162 
s 1
f 239/298/162 243/303/218 244/304/157 240/299/161 
s 2
f 240/299/161 244/304/157 241/305/217 237/300/160 
s 1
f 241/301/217 245/306/219 246/307/220 242/302/155 
s 2
f 242/302/155 246/307/220 247/308/221 243/303/218 
s 1
f 243/303/218 247/308/221 248/309/222 244/304/157 
s 2
f 244/304/157 248/309/222 245/310/219 241/305/217 
s 1
f 245/306/219 249/311/223 250/312/147 246/307/220 
s 2
f 246/307/220 250/312/147 251/313/146 247/308/221 
s 1
f 247/308/221 251/313/146 252/314/149 248/309/222 
s 2
f 248/309/222 252/314/149 249/315/223 245/310/219 
s 1
f 249/311/223 253/316/224 254/317/225 250/312/147 
s 2
f 250/312/147 254/317/225 255/318/226 251/313/146 
s 1
f 251/313/146 255/318/226 256/319/227 252/314/149 
s 2
f 252/314/149 256/319/227 253/320/224 249/315/223 
s 1
f 253/316/224 257/321/179 258/322/139 254/317/225 
s 2
f 254/317/225 258/322/139 259/323/138 255/318/226 
s 1
f 255/318/226 259/323/138 260/324/141 256/319/227 
s 2
f 256/319/227 260/324/141 257/325/179 253/320/224 
s 1
f 257/321/179 261/326/228 262/327/229 258/322/139 
s 2
f 258/322/139 262/327/229 263/328/134 259/323/138 
s 1
f 259/323/138 263/328/134 264/329/230 260/324/141 
s 2
f 260/324/141 264/329/230 261/330/228 257/325/179 
s 1
f 261/326/228 265/331/231 266/332/128 262/327/229 
s 2
f 262/327/229 266/332/128 267/333/127 263/328/134 
s 1
f 263/328/134 267/333/127 268/334/132 264/329/230 
s 2
f 264/329/230 268/334/132 265/335/231 261/330/228 
s 1
f 265/331/231 269/336/131 270/337/232 266/332/128 
s 2
f 266/332/128 270/337/232 271/338/233 267/333/127 
s 1
f 267/333/127 271/338/233 272/339/234 268/334/132 
s 2
f 268/334/132 272/339/234 269/340/131 265/335/231 
s 4
f 140/171/129 142/171/131 144/171/133 137/171/126 
f 271/171/233 270/171/232 269/171/131 
f 272/171/234 271/171/233 269/171/131 
# 133 polygons - 2 triangles

#
# object B_G
#

v  3313.2056 1988.1045 589.4545
v  2989.4006 1988.1045 589.4545
v  2989.4294 1987.6045 589.9545
v  3313.2056 1987.6045 589.9545
v  2989.4583 1987.1045 589.4545
v  3313.2056 1987.1045 589.4545
v  2989.4294 1987.6045 588.9545
v  3313.2056 1987.6045 588.9545
v  2951.5081 1983.7325 589.4545
v  2951.6226 1983.2424 589.9545
v  2951.7368 1982.7523 589.4545
v  2951.6226 1983.2424 588.9545
v  2916.6816 1971.2712 589.4545
v  2916.9026 1970.8193 589.9545
v  2917.1238 1970.3674 589.4545
v  2916.9026 1970.8193 588.9545
v  2885.9502 1951.7222 589.4545
v  2886.2649 1951.3298 589.9545
v  2886.5796 1950.9374 589.4545
v  2886.2649 1951.3298 588.9545
v  2860.3115 1926.0836 589.4545
v  2860.7041 1925.7689 589.9545
v  2861.0964 1925.4542 589.4545
v  2860.7041 1925.7689 588.9545
v  2840.7627 1895.3523 589.4545
v  2841.2146 1895.1312 589.9545
v  2841.6665 1894.9102 589.4545
v  2841.2146 1895.1312 588.9545
v  2828.3013 1860.5259 589.4545
v  2828.7915 1860.4115 589.9545
v  2829.2817 1860.2971 589.4545
v  2828.7915 1860.4115 588.9545
v  2823.9294 1822.6333 589.4545
v  2824.4294 1822.6045 589.9545
v  2824.9294 1822.5757 589.4545
v  2824.4294 1822.6045 588.9545
v  2823.9294 139.4933 589.4545
v  2824.4294 138.9933 589.9545
v  2824.9294 138.4933 589.4545
v  2824.4294 138.9933 588.9545
v  1764.7622 139.4933 589.4544
v  1764.7339 138.9933 589.9544
v  1764.7056 138.4933 589.4544
v  1764.7339 138.9933 588.9544
v  1761.4113 139.8799 589.4544
v  1761.2969 139.3898 589.9544
v  1761.1825 138.8997 589.4544
v  1761.2969 139.3898 588.9544
v  1758.3621 140.9708 589.4544
v  1758.1405 140.5190 589.9544
v  1757.9189 140.0673 589.4544
v  1758.1405 140.5190 588.9544
v  1755.6699 142.6837 589.4544
v  1755.3555 142.2911 589.9544
v  1755.0410 141.8986 589.4544
v  1755.3555 142.2911 588.9544
v  1753.4238 144.9297 589.4544
v  1753.0315 144.6147 589.9544
v  1752.6394 144.2998 589.4544
v  1753.0315 144.6147 588.9544
v  1751.7119 147.6210 589.4544
v  1751.2598 147.4000 589.9544
v  1750.8079 147.1791 589.4544
v  1751.2598 147.4000 588.9544
v  1750.6206 150.6705 589.4544
v  1750.1305 150.5563 589.9544
v  1749.6404 150.4420 589.4544
v  1750.1305 150.5563 588.9544
v  1750.2339 154.0220 589.4544
v  1749.7339 153.9933 589.9544
v  1749.2339 153.9646 589.4544
v  1749.7339 153.9933 588.9544
v  1750.2339 1446.5372 589.4544
v  1749.7339 1446.5660 589.9544
v  1749.2339 1446.5948 589.4544
v  1749.7339 1446.5660 588.9544
v  1750.6206 1449.8887 589.4544
v  1750.1304 1450.0031 589.9544
v  1749.6404 1450.1174 589.4544
v  1750.1304 1450.0031 588.9544
v  1751.7117 1452.9384 589.4544
v  1751.2598 1453.1594 589.9544
v  1750.8079 1453.3805 589.4544
v  1751.2598 1453.1594 588.9544
v  1753.4241 1455.6299 589.4544
v  1753.0316 1455.9446 589.9544
v  1752.6392 1456.2593 589.4544
v  1753.0316 1455.9446 588.9544
v  1755.6700 1457.8760 589.4544
v  1755.3553 1458.2683 589.9544
v  1755.0406 1458.6608 589.4544
v  1755.3553 1458.2683 588.9544
v  1758.3618 1459.5883 589.4544
v  1758.1406 1460.0400 589.9544
v  1757.9192 1460.4919 589.4544
v  1758.1406 1460.0400 588.9544
v  1761.4113 1460.6794 589.4544
v  1761.2969 1461.1694 589.9544
v  1761.1825 1461.6597 589.4544
v  1761.2969 1461.1694 588.9544
v  1764.7627 1461.0660 589.4544
v  1764.7339 1461.5660 589.9544
v  1764.7051 1462.0660 589.4544
v  1764.7339 1461.5660 588.9544
v  1992.7107 1461.0660 589.4545
v  1992.7107 1461.5660 589.9545
v  1992.7107 1462.0660 589.4545
v  1992.7107 1461.5660 588.9545
# 108 vertices

vn 0.5773 0.8166 -0.0002
vn -0.0574 0.9984 0.0000
vn -0.0015 0.0258 0.9997
vn 0.5773 -0.0001 0.8165
vn 0.0574 -0.9984 -0.0000
vn 0.5774 -0.8165 -0.0000
vn -0.0015 0.0258 -0.9997
vn 0.5774 -0.0001 -0.8165
vn -0.2272 0.9738 0.0000
vn -0.0116 0.0499 0.9987
vn 0.2272 -0.9738 0.0000
vn -0.0116 0.0499 -0.9987
vn -0.4395 0.8982 0.0000
vn -0.0219 0.0448 0.9988
vn 0.4395 -0.8982 -0.0000
vn -0.0219 0.0448 -0.9988
vn -0.6257 0.7801 0.0000
vn -0.0307 0.0382 0.9988
vn 0.6257 -0.7801 -0.0000
vn -0.0307 0.0382 -0.9988
vn -0.7801 0.6257 0.0000
vn -0.0382 0.0307 0.9988
vn 0.7801 -0.6257 -0.0000
vn -0.0382 0.0307 -0.9988
vn -0.8982 0.4395 0.0000
vn -0.0448 0.0219 0.9988
vn 0.8982 -0.4395 -0.0000
vn -0.0448 0.0219 -0.9988
vn -0.9738 0.2272 0.0000
vn -0.0499 0.0116 0.9987
vn 0.9738 -0.2272 -0.0000
vn -0.0499 0.0116 -0.9987
vn -0.9984 0.0574 0.0000
vn -0.0258 0.0015 0.9997
vn 0.9984 -0.0574 -0.0000
vn -0.0258 0.0015 -0.9997
vn -0.7071 0.7071 0.0000
vn 0.1888 -0.1888 0.9637
vn 0.7071 -0.7071 0.0000
vn 0.1888 -0.1888 -0.9637
vn 0.0574 0.9984 0.0000
vn -0.0015 -0.0258 0.9997
vn -0.0574 -0.9984 -0.0000
vn -0.0015 -0.0258 -0.9997
vn 0.2272 0.9738 0.0000
vn -0.0116 -0.0499 0.9987
vn -0.2272 -0.9738 -0.0000
vn -0.0116 -0.0499 -0.9987
vn 0.4395 0.8982 0.0000
vn -0.0219 -0.0449 0.9988
vn -0.4396 -0.8982 -0.0000
vn -0.0219 -0.0449 -0.9988
vn 0.6257 0.7801 0.0000
vn -0.0307 -0.0382 0.9988
vn -0.6257 -0.7801 0.0000
vn -0.0307 -0.0382 -0.9988
vn 0.7801 0.6256 0.0000
vn -0.0383 -0.0306 0.9988
vn -0.7801 -0.6257 -0.0000
vn -0.0383 -0.0306 -0.9988
vn 0.8982 0.4396 -0.0000
vn -0.0448 -0.0220 0.9988
vn -0.8982 -0.4395 -0.0000
vn -0.0448 -0.0220 -0.9988
vn 0.9738 0.2273 -0.0000
vn -0.0498 -0.0116 0.9987
vn -0.9738 -0.2272 -0.0000
vn -0.0498 -0.0116 -0.9987
vn 0.9984 0.0574 0.0000
vn -0.0258 -0.0015 0.9997
vn -0.9984 -0.0574 -0.0000
vn -0.0258 -0.0015 -0.9997
vn 0.9984 -0.0574 0.0000
vn -0.9984 0.0574 -0.0000
vn -0.9738 0.2272 -0.0000
vn 0.8982 -0.4396 -0.0000
vn -0.0448 0.0220 0.9988
vn -0.8982 0.4395 -0.0000
vn -0.0448 0.0220 -0.9988
vn 0.7801 -0.6257 0.0000
vn 0.6257 -0.7801 0.0000
vn -0.6257 0.7801 -0.0000
vn 0.4395 -0.8982 0.0000
vn -0.4396 0.8982 -0.0000
vn -0.2272 0.9738 -0.0000
vn 0.0574 -0.9984 0.0000
vn 0.5774 -0.0000 0.8165
vn 0.5774 0.8165 0.0001
vn 0.5774 0.0001 -0.8165
# 89 vertex normals

vt 0.0000 0.0000 0.0000
vt 0.0000 0.0662 0.0000
vt 0.2500 0.0662 0.0000
vt 0.2500 0.0000 0.0000
vt 0.5000 0.0662 0.0000
vt 0.5000 0.0000 0.0000
vt 0.7500 0.0662 0.0000
vt 0.7500 0.0000 0.0000
vt 1.0000 0.0662 0.0000
vt 1.0000 0.0000 0.0000
vt 0.0000 0.0739 0.0000
vt 0.2500 0.0739 0.0000
vt 0.5000 0.0739 0.0000
vt 0.7500 0.0739 0.0000
vt 1.0000 0.0739 0.0000
vt 0.0000 0.0815 0.0000
vt 0.2500 0.0815 0.0000
vt 0.5000 0.0815 0.0000
vt 0.7500 0.0815 0.0000
vt 1.0000 0.0815 0.0000
vt 0.0000 0.0889 0.0000
vt 0.2500 0.0889 0.0000
vt 0.5000 0.0889 0.0000
vt 0.7500 0.0889 0.0000
vt 1.0000 0.0889 0.0000
vt 0.0000 0.0963 0.0000
vt 0.2500 0.0963 0.0000
vt 0.5000 0.0963 0.0000
vt 0.7500 0.0963 0.0000
vt 1.0000 0.0963 0.0000
vt 0.0000 0.1037 0.0000
vt 0.2500 0.1037 0.0000
vt 0.5000 0.1037 0.0000
vt 0.7500 0.1037 0.0000
vt 1.0000 0.1037 0.0000
vt 0.0000 0.1112 0.0000
vt 0.2500 0.1112 0.0000
vt 0.5000 0.1112 0.0000
vt 0.7500 0.1112 0.0000
vt 1.0000 0.1112 0.0000
vt 0.0000 0.1190 0.0000
vt 0.2500 0.1190 0.0000
vt 0.5000 0.1190 0.0000
vt 0.7500 0.1190 0.0000
vt 1.0000 0.1190 0.0000
vt 0.0000 0.4631 0.0000
vt 0.2500 0.4631 0.0000
vt 0.5000 0.4631 0.0000
vt 0.7500 0.4631 0.0000
vt 1.0000 0.4631 0.0000
vt 0.0000 0.6796 0.0000
vt 0.2500 0.6796 0.0000
vt 0.5000 0.6796 0.0000
vt 0.7500 0.6796 0.0000
vt 1.0000 0.6796 0.0000
vt 0.0000 0.6804 0.0000
vt 0.2500 0.6804 0.0000
vt 0.5000 0.6804 0.0000
vt 0.7500 0.6804 0.0000
vt 1.0000 0.6804 0.0000
vt 0.0000 0.6810 0.0000
vt 0.2500 0.6810 0.0000
vt 0.5000 0.6810 0.0000
vt 0.7500 0.6810 0.0000
vt 1.0000 0.6810 0.0000
vt 0.0000 0.6817 0.0000
vt 0.2500 0.6817 0.0000
vt 0.5000 0.6817 0.0000
vt 0.7500 0.6817 0.0000
vt 1.0000 0.6817 0.0000
vt 0.0000 0.6824 0.0000
vt 0.2500 0.6824 0.0000
vt 0.5000 0.6824 0.0000
vt 0.7500 0.6824 0.0000
vt 1.0000 0.6824 0.0000
vt 0.0000 0.6831 0.0000
vt 0.2500 0.6831 0.0000
vt 0.5000 0.6831 0.0000
vt 0.7500 0.6831 0.0000
vt 1.0000 0.6831 0.0000
vt 0.0000 0.6837 0.0000
vt 0.2500 0.6837 0.0000
vt 0.5000 0.6837 0.0000
vt 0.7500 0.6837 0.0000
vt 1.0000 0.6837 0.0000
vt 0.0000 0.6845 0.0000
vt 0.2500 0.6845 0.0000
vt 0.5000 0.6845 0.0000
vt 0.7500 0.6845 0.0000
vt 1.0000 0.6845 0.0000
vt 0.0000 0.9486 0.0000
vt 0.2500 0.9486 0.0000
vt 0.5000 0.9486 0.0000
vt 0.7500 0.9486 0.0000
vt 1.0000 0.9486 0.0000
vt 0.0000 0.9493 0.0000
vt 0.2500 0.9493 0.0000
vt 0.5000 0.9493 0.0000
vt 0.7500 0.9493 0.0000
vt 1.0000 0.9493 0.0000
vt 0.0000 0.9500 0.0000
vt 0.2500 0.9500 0.0000
vt 0.5000 0.9500 0.0000
vt 0.7500 0.9500 0.0000
vt 1.0000 0.9500 0.0000
vt 0.0000 0.9507 0.0000
vt 0.2500 0.9507 0.0000
vt 0.5000 0.9507 0.0000
vt 0.7500 0.9507 0.0000
vt 1.0000 0.9507 0.0000
vt 0.0000 0.9513 0.0000
vt 0.2500 0.9513 0.0000
vt 0.5000 0.9513 0.0000
vt 0.7500 0.9513 0.0000
vt 1.0000 0.9513 0.0000
vt 0.0000 0.9520 0.0000
vt 0.2500 0.9520 0.0000
vt 0.5000 0.9520 0.0000
vt 0.7500 0.9520 0.0000
vt 1.0000 0.9520 0.0000
vt 0.0000 0.9527 0.0000
vt 0.2500 0.9527 0.0000
vt 0.5000 0.9527 0.0000
vt 0.7500 0.9527 0.0000
vt 1.0000 0.9527 0.0000
vt 0.0000 0.9534 0.0000
vt 0.2500 0.9534 0.0000
vt 0.5000 0.9534 0.0000
vt 0.7500 0.9534 0.0000
vt 1.0000 0.9534 0.0000
vt 0.0000 1.0000 0.0000
vt 0.2500 1.0000 0.0000
vt 0.5000 1.0000 0.0000
vt 0.7500 1.0000 0.0000
vt 1.0000 1.0000 0.0000
# 135 texture coords

o B_G
g B_G
s 1
f 273/341/235 274/342/236 275/343/237 276/344/238 
s 2
f 276/344/238 275/343/237 277/345/239 278/346/240 
s 1
f 278/346/240 277/345/239 279/347/241 280/348/242 
s 2
f 280/348/242 279/347/241 274/349/236 273/350/235 
s 1
f 274/342/236 281/351/243 282/352/244 275/343/237 
s 2
f 275/343/237 282/352/244 283/353/245 277/345/239 
s 1
f 277/345/239 283/353/245 284/354/246 279/347/241 
s 2
f 279/347/241 284/354/246 281/355/243 274/349/236 
s 1
f 281/351/243 285/356/247 286/357/248 282/352/244 
s 2
f 282/352/244 286/357/248 287/358/249 283/353/245 
s 1
f 283/353/245 287/358/249 288/359/250 284/354/246 
s 2
f 284/354/246 288/359/250 285/360/247 281/355/243 
s 1
f 285/356/247 289/361/251 290/362/252 286/357/248 
s 2
f 286/357/248 290/362/252 291/363/253 287/358/249 
s 1
f 287/358/249 291/363/253 292/364/254 288/359/250 
s 2
f 288/359/250 292/364/254 289/365/251 285/360/247 
s 1
f 289/361/251 293/366/255 294/367/256 290/362/252 
s 2
f 290/362/252 294/367/256 295/368/257 291/363/253 
s 1
f 291/363/253 295/368/257 296/369/258 292/364/254 
s 2
f 292/364/254 296/369/258 293/370/255 289/365/251 
s 1
f 293/366/255 297/371/259 298/372/260 294/367/256 
s 2
f 294/367/256 298/372/260 299/373/261 295/368/257 
s 1
f 295/368/257 299/373/261 300/374/262 296/369/258 
s 2
f 296/369/258 300/374/262 297/375/259 293/370/255 
s 1
f 297/371/259 301/376/263 302/377/264 298/372/260 
s 2
f 298/372/260 302/377/264 303/378/265 299/373/261 
s 1
f 299/373/261 303/378/265 304/379/266 300/374/262 
s 2
f 300/374/262 304/379/266 301/380/263 297/375/259 
s 1
f 301/376/263 305/381/267 306/382/268 302/377/264 
s 2
f 302/377/264 306/382/268 307/383/269 303/378/265 
s 1
f 303/378/265 307/383/269 308/384/270 304/379/266 
s 2
f 304/379/266 308/384/270 305/385/267 301/380/263 
s 1
f 305/381/267 309/386/271 310/387/272 306/382/268 
s 2
f 306/382/268 310/387/272 311/388/273 307/383/269 
s 1
f 307/383/269 311/388/273 312/389/274 308/384/270 
s 2
f 308/384/270 312/389/274 309/390/271 305/385/267 
s 4
f 309/386/271 313/391/275 314/392/276 310/387/272 
s 8
f 310/387/272 314/392/276 315/393/277 311/388/273 
s 4
f 311/388/273 315/393/277 316/394/278 312/389/274 
s 8
f 312/389/274 316/394/278 313/395/275 309/390/271 
s 4
f 313/391/275 317/396/279 318/397/280 314/392/276 
s 8
f 314/392/276 318/397/280 319/398/281 315/393/277 
s 4
f 315/393/277 319/398/281 320/399/282 316/394/278 
s 8
f 316/394/278 320/399/282 317/400/279 313/395/275 
s 4
f 317/396/279 321/401/283 322/402/284 318/397/280 
s 8
f 318/397/280 322/402/284 323/403/285 319/398/281 
s 4
f 319/398/281 323/403/285 324/404/286 320/399/282 
s 8
f 320/399/282 324/404/286 321/405/283 317/400/279 
s 4
f 321/401/283 325/406/287 326/407/288 322/402/284 
s 8
f 322/402/284 326/407/288 327/408/289 323/403/285 
s 4
f 323/403/285 327/408/289 328/409/290 324/404/286 
s 8
f 324/404/286 328/409/290 325/410/287 321/405/283 
s 4
f 325/406/287 329/411/291 330/412/292 326/407/288 
s 8
f 326/407/288 330/412/292 331/413/293 327/408/289 
s 4
f 327/408/289 331/413/293 332/414/294 328/409/290 
s 8
f 328/409/290 332/414/294 329/415/291 325/410/287 
s 4
f 329/411/291 333/416/295 334/417/296 330/412/292 
s 8
f 330/412/292 334/417/296 335/418/297 331/413/293 
s 4
f 331/413/293 335/418/297 336/419/298 332/414/294 
s 8
f 332/414/294 336/419/298 333/420/295 329/415/291 
s 4
f 333/416/295 337/421/299 338/422/300 334/417/296 
s 8
f 334/417/296 338/422/300 339/423/301 335/418/297 
s 4
f 335/418/297 339/423/301 340/424/302 336/419/298 
s 8
f 336/419/298 340/424/302 337/425/299 333/420/295 
s 4
f 337/421/299 341/426/303 342/427/304 338/422/300 
s 8
f 338/422/300 342/427/304 343/428/305 339/423/301 
s 4
f 339/423/301 343/428/305 344/429/306 340/424/302 
s 8
f 340/424/302 344/429/306 341/430/303 337/425/299 
s 4
f 341/426/303 345/431/307 346/432/268 342/427/304 
s 8
f 342/427/304 346/432/268 347/433/308 343/428/305 
s 4
f 343/428/305 347/433/308 348/434/270 344/429/306 
s 8
f 344/429/306 348/434/270 345/435/307 341/430/303 
s 4
f 345/431/307 349/436/265 350/437/264 346/432/268 
s 8
f 346/432/268 350/437/264 351/438/309 347/433/308 
s 4
f 347/433/308 351/438/309 352/439/266 348/434/270 
s 8
f 348/434/270 352/439/266 349/440/265 345/435/307 
s 4
f 349/436/265 353/441/310 354/442/311 350/437/264 
s 8
f 350/437/264 354/442/311 355/443/312 351/438/309 
s 4
f 351/438/309 355/443/312 356/444/313 352/439/266 
s 8
f 352/439/266 356/444/313 353/445/310 349/440/265 
s 4
f 353/441/310 357/446/314 358/447/256 354/442/311 
s 8
f 354/442/311 358/447/256 359/448/255 355/443/312 
s 4
f 355/443/312 359/448/255 360/449/258 356/444/313 
s 8
f 356/444/313 360/449/258 357/450/314 353/445/310 
s 4
f 357/446/314 361/451/315 362/452/252 358/447/256 
s 8
f 358/447/256 362/452/252 363/453/316 359/448/255 
s 4
f 359/448/255 363/453/316 364/454/254 360/449/258 
s 8
f 360/449/258 364/454/254 361/455/315 357/450/314 
s 4
f 361/451/315 365/456/317 366/457/248 362/452/252 
s 8
f 362/452/252 366/457/248 367/458/318 363/453/316 
s 4
f 363/453/316 367/458/318 368/459/250 364/454/254 
s 8
f 364/454/254 368/459/250 365/460/317 361/455/315 
s 4
f 365/456/317 369/461/245 370/462/244 366/457/248 
s 8
f 366/457/248 370/462/244 371/463/319 367/458/318 
s 4
f 367/458/318 371/463/319 372/464/246 368/459/250 
s 8
f 368/459/250 372/464/246 369/465/245 365/460/317 
s 4
f 369/461/245 373/466/320 374/467/237 370/462/244 
s 8
f 370/462/244 374/467/237 375/468/236 371/463/319 
s 4
f 371/463/319 375/468/236 376/469/241 372/464/246 
s 8
f 372/464/246 376/469/241 373/470/320 369/465/245 
s 4
f 373/466/320 377/471/240 378/472/321 374/467/237 
s 8
f 374/467/237 378/472/321 379/473/322 375/468/236 
s 4
f 375/468/236 379/473/322 380/474/323 376/469/241 
s 8
f 376/469/241 380/474/323 377/475/240 373/470/320 
s 4
f 276/341/238 278/341/240 280/341/242 273/341/235 
s 1
f 379/341/322 378/341/321 377/341/240 
f 380/341/323 379/341/322 377/341/240 
# 105 polygons - 2 triangles

#
# object G_B
#

v  3313.2056 1988.1045 589.4545
v  2989.4006 1988.1045 589.4545
v  2989.4294 1987.6045 589.9545
v  3313.2056 1987.6045 589.9545
v  2989.4583 1987.1045 589.4545
v  3313.2056 1987.1045 589.4545
v  2989.4294 1987.6045 588.9545
v  3313.2056 1987.6045 588.9545
v  2951.5081 1983.7325 589.4545
v  2951.6226 1983.2424 589.9545
v  2951.7368 1982.7523 589.4545
v  2951.6226 1983.2424 588.9545
v  2916.6816 1971.2712 589.4545
v  2916.9026 1970.8193 589.9545
v  2917.1238 1970.3674 589.4545
v  2916.9026 1970.8193 588.9545
v  2885.9502 1951.7222 589.4545
v  2886.2649 1951.3298 589.9545
v  2886.5796 1950.9374 589.4545
v  2886.2649 1951.3298 588.9545
v  2860.3115 1926.0836 589.4545
v  2860.7041 1925.7689 589.9545
v  2861.0964 1925.4542 589.4545
v  2860.7041 1925.7689 588.9545
v  2840.7627 1895.3523 589.4545
v  2841.2146 1895.1312 589.9545
v  2841.6665 1894.9102 589.4545
v  2841.2146 1895.1312 588.9545
v  2828.3013 1860.5259 589.4545
v  2828.7915 1860.4115 589.9545
v  2829.2817 1860.2971 589.4545
v  2828.7915 1860.4115 588.9545
v  2823.9294 1822.6333 589.4545
v  2824.4294 1822.6045 589.9545
v  2824.9294 1822.5757 589.4545
v  2824.4294 1822.6045 588.9545
v  2823.9294 139.4933 589.4545
v  2824.4294 138.9933 589.9545
v  2824.9294 138.4933 589.4545
v  2824.4294 138.9933 588.9545
v  1764.7622 139.4933 589.4544
v  1764.7339 138.9933 589.9544
v  1764.7056 138.4933 589.4544
v  1764.7339 138.9933 588.9544
v  1761.4113 139.8799 589.4544
v  1761.2969 139.3898 589.9544
v  1761.1825 138.8997 589.4544
v  1761.2969 139.3898 588.9544
v  1758.3621 140.9708 589.4544
v  1758.1405 140.5190 589.9544
v  1757.9189 140.0673 589.4544
v  1758.1405 140.5190 588.9544
v  1755.6699 142.6837 589.4544
v  1755.3555 142.2911 589.9544
v  1755.0410 141.8986 589.4544
v  1755.3555 142.2911 588.9544
v  1753.4238 144.9297 589.4544
v  1753.0315 144.6147 589.9544
v  1752.6394 144.2998 589.4544
v  1753.0315 144.6147 588.9544
v  1751.7119 147.6210 589.4544
v  1751.2598 147.4000 589.9544
v  1750.8079 147.1791 589.4544
v  1751.2598 147.4000 588.9544
v  1750.6206 150.6705 589.4544
v  1750.1305 150.5563 589.9544
v  1749.6404 150.4420 589.4544
v  1750.1305 150.5563 588.9544
v  1750.2339 154.0220 589.4544
v  1749.7339 153.9933 589.9544
v  1749.2339 153.9646 589.4544
v  1749.7339 153.9933 588.9544
v  1750.2339 1446.5372 589.4544
v  1749.7339 1446.5660 589.9544
v  1749.2339 1446.5948 589.4544
v  1749.7339 1446.5660 588.9544
v  1750.6206 1449.8887 589.4544
v  1750.1304 1450.0031 589.9544
v  1749.6404 1450.1174 589.4544
v  1750.1304 1450.0031 588.9544
v  1751.7117 1452.9384 589.4544
v  1751.2598 1453.1594 589.9544
v  1750.8079 1453.3805 589.4544
v  1751.2598 1453.1594 588.9544
v  1753.4241 1455.6299 589.4544
v  1753.0316 1455.9446 589.9544
v  1752.6392 1456.2593 589.4544
v  1753.0316 1455.9446 588.9544
v  1755.6700 1457.8760 589.4544
v  1755.3553 1458.2683 589.9544
v  1755.0406 1458.6608 589.4544
v  1755.3553 1458.2683 588.9544
v  1758.3618 1459.5883 589.4544
v  1758.1406 1460.0400 589.9544
v  1757.9192 1460.4919 589.4544
v  1758.1406 1460.0400 588.9544
v  1761.4113 1460.6794 589.4544
v  1761.2969 1461.1694 589.9544
v  1761.1825 1461.6597 589.4544
v  1761.2969 1461.1694 588.9544
v  1764.7627 1461.0660 589.4544
v  1764.7339 1461.5660 589.9544
v  1764.7051 1462.0660 589.4544
v  1764.7339 1461.5660 588.9544
v  1992.7107 1461.0660 589.4545
v  1992.7107 1461.5660 589.9545
v  1992.7107 1462.0660 589.4545
v  1992.7107 1461.5660 588.9545
# 108 vertices

vn 0.5773 0.8166 -0.0002
vn -0.0574 0.9984 0.0000
vn -0.0015 0.0258 0.9997
vn 0.5773 -0.0001 0.8165
vn 0.0574 -0.9984 -0.0000
vn 0.5774 -0.8165 -0.0000
vn -0.0015 0.0258 -0.9997
vn 0.5774 -0.0001 -0.8165
vn -0.2272 0.9738 0.0000
vn -0.0116 0.0499 0.9987
vn 0.2272 -0.9738 0.0000
vn -0.0116 0.0499 -0.9987
vn -0.4395 0.8982 0.0000
vn -0.0219 0.0448 0.9988
vn 0.4395 -0.8982 -0.0000
vn -0.0219 0.0448 -0.9988
vn -0.6257 0.7801 0.0000
vn -0.0307 0.0382 0.9988
vn 0.6257 -0.7801 -0.0000
vn -0.0307 0.0382 -0.9988
vn -0.7801 0.6257 0.0000
vn -0.0382 0.0307 0.9988
vn 0.7801 -0.6257 -0.0000
vn -0.0382 0.0307 -0.9988
vn -0.8982 0.4395 0.0000
vn -0.0448 0.0219 0.9988
vn 0.8982 -0.4395 -0.0000
vn -0.0448 0.0219 -0.9988
vn -0.9738 0.2272 0.0000
vn -0.0499 0.0116 0.9987
vn 0.9738 -0.2272 -0.0000
vn -0.0499 0.0116 -0.9987
vn -0.9984 0.0574 0.0000
vn -0.0258 0.0015 0.9997
vn 0.9984 -0.0574 -0.0000
vn -0.0258 0.0015 -0.9997
vn -0.7071 0.7071 0.0000
vn 0.1888 -0.1888 0.9637
vn 0.7071 -0.7071 0.0000
vn 0.1888 -0.1888 -0.9637
vn 0.0574 0.9984 0.0000
vn -0.0015 -0.0258 0.9997
vn -0.0574 -0.9984 -0.0000
vn -0.0015 -0.0258 -0.9997
vn 0.2272 0.9738 0.0000
vn -0.0116 -0.0499 0.9987
vn -0.2272 -0.9738 -0.0000
vn -0.0116 -0.0499 -0.9987
vn 0.4395 0.8982 0.0000
vn -0.0219 -0.0449 0.9988
vn -0.4396 -0.8982 -0.0000
vn -0.0219 -0.0449 -0.9988
vn 0.6257 0.7801 0.0000
vn -0.0307 -0.0382 0.9988
vn -0.6257 -0.7801 0.0000
vn -0.0307 -0.0382 -0.9988
vn 0.7801 0.6256 0.0000
vn -0.0383 -0.0306 0.9988
vn -0.7801 -0.6257 -0.0000
vn -0.0383 -0.0306 -0.9988
vn 0.8982 0.4396 -0.0000
vn -0.0448 -0.0220 0.9988
vn -0.8982 -0.4395 -0.0000
vn -0.0448 -0.0220 -0.9988
vn 0.9738 0.2273 -0.0000
vn -0.0498 -0.0116 0.9987
vn -0.9738 -0.2272 -0.0000
vn -0.0498 -0.0116 -0.9987
vn 0.9984 0.0574 0.0000
vn -0.0258 -0.0015 0.9997
vn -0.9984 -0.0574 -0.0000
vn -0.0258 -0.0015 -0.9997
vn 0.9984 -0.0574 0.0000
vn -0.9984 0.0574 -0.0000
vn -0.9738 0.2272 -0.0000
vn 0.8982 -0.4396 -0.0000
vn -0.0448 0.0220 0.9988
vn -0.8982 0.4395 -0.0000
vn -0.0448 0.0220 -0.9988
vn 0.7801 -0.6257 0.0000
vn 0.6257 -0.7801 0.0000
vn -0.6257 0.7801 -0.0000
vn 0.4395 -0.8982 0.0000
vn -0.4396 0.8982 -0.0000
vn -0.2272 0.9738 -0.0000
vn 0.0574 -0.9984 0.0000
vn 0.5774 -0.0000 0.8165
vn 0.5774 0.8165 0.0001
vn 0.5774 0.0001 -0.8165
# 89 vertex normals

vt 0.0000 0.0000 0.0000
vt 0.0000 0.0662 0.0000
vt 0.2500 0.0662 0.0000
vt 0.2500 0.0000 0.0000
vt 0.5000 0.0662 0.0000
vt 0.5000 0.0000 0.0000
vt 0.7500 0.0662 0.0000
vt 0.7500 0.0000 0.0000
vt 1.0000 0.0662 0.0000
vt 1.0000 0.0000 0.0000
vt 0.0000 0.0739 0.0000
vt 0.2500 0.0739 0.0000
vt 0.5000 0.0739 0.0000
vt 0.7500 0.0739 0.0000
vt 1.0000 0.0739 0.0000
vt 0.0000 0.0815 0.0000
vt 0.2500 0.0815 0.0000
vt 0.5000 0.0815 0.0000
vt 0.7500 0.0815 0.0000
vt 1.0000 0.0815 0.0000
vt 0.0000 0.0889 0.0000
vt 0.2500 0.0889 0.0000
vt 0.5000 0.0889 0.0000
vt 0.7500 0.0889 0.0000
vt 1.0000 0.0889 0.0000
vt 0.0000 0.0963 0.0000
vt 0.2500 0.0963 0.0000
vt 0.5000 0.0963 0.0000
vt 0.7500 0.0963 0.0000
vt 1.0000 0.0963 0.0000
vt 0.0000 0.1037 0.0000
vt 0.2500 0.1037 0.0000
vt 0.5000 0.1037 0.0000
vt 0.7500 0.1037 0.0000
vt 1.0000 0.1037 0.0000
vt 0.0000 0.1112 0.0000
vt 0.2500 0.1112 0.0000
vt 0.5000 0.1112 0.0000
vt 0.7500 0.1112 0.0000
vt 1.0000 0.1112 0.0000
vt 0.0000 0.1190 0.0000
vt 0.2500 0.1190 0.0000
vt 0.5000 0.1190 0.0000
vt 0.7500 0.1190 0.0000
vt 1.0000 0.1190 0.0000
vt 0.0000 0.4631 0.0000
vt 0.2500 0.4631 0.0000
vt 0.5000 0.4631 0.0000
vt 0.7500 0.4631 0.0000
vt 1.0000 0.4631 0.0000
vt 0.0000 0.6796 0.0000
vt 0.2500 0.6796 0.0000
vt 0.5000 0.6796 0.0000
vt 0.7500 0.6796 0.0000
vt 1.0000 0.6796 0.0000
vt 0.0000 0.6804 0.0000
vt 0.2500 0.6804 0.0000
vt 0.5000 0.6804 0.0000
vt 0.7500 0.6804 0.0000
vt 1.0000 0.6804 0.0000
vt 0.0000 0.6810 0.0000
vt 0.2500 0.6810 0.0000
vt 0.5000 0.6810 0.0000
vt 0.7500 0.6810 0.0000
vt 1.0000 0.6810 0.0000
vt 0.0000 0.6817 0.0000
vt 0.2500 0.6817 0.0000
vt 0.5000 0.6817 0.0000
vt 0.7500 0.6817 0.0000
vt 1.0000 0.6817 0.0000
vt 0.0000 0.6824 0.0000
vt 0.2500 0.6824 0.0000
vt 0.5000 0.6824 0.0000
vt 0.7500 0.6824 0.0000
vt 1.0000 0.6824 0.0000
vt 0.0000 0.6831 0.0000
vt 0.2500 0.6831 0.0000
vt 0.5000 0.6831 0.0000
vt 0.7500 0.6831 0.0000
vt 1.0000 0.6831 0.0000
vt 0.0000 0.6837 0.0000
vt 0.2500 0.6837 0.0000
vt 0.5000 0.6837 0.0000
vt 0.7500 0.6837 0.0000
vt 1.0000 0.6837 0.0000
vt 0.0000 0.6845 0.0000
vt 0.2500 0.6845 0.0000
vt 0.5000 0.6845 0.0000
vt 0.7500 0.6845 0.0000
vt 1.0000 0.6845 0.0000
vt 0.0000 0.9486 0.0000
vt 0.2500 0.9486 0.0000
vt 0.5000 0.9486 0.0000
vt 0.7500 0.9486 0.0000
vt 1.0000 0.9486 0.0000
vt 0.0000 0.9493 0.0000
vt 0.2500 0.9493 0.0000
vt 0.5000 0.9493 0.0000
vt 0.7500 0.9493 0.0000
vt 1.0000 0.9493 0.0000
vt 0.0000 0.9500 0.0000
vt 0.2500 0.9500 0.0000
vt 0.5000 0.9500 0.0000
vt 0.7500 0.9500 0.0000
vt 1.0000 0.9500 0.0000
vt 0.0000 0.9507 0.0000
vt 0.2500 0.9507 0.0000
vt 0.5000 0.9507 0.0000
vt 0.7500 0.9507 0.0000
vt 1.0000 0.9507 0.0000
vt 0.0000 0.9513 0.0000
vt 0.2500 0.9513 0.0000
vt 0.5000 0.9513 0.0000
vt 0.7500 0.9513 0.0000
vt 1.0000 0.9513 0.0000
vt 0.0000 0.9520 0.0000
vt 0.2500 0.9520 0.0000
vt 0.5000 0.9520 0.0000
vt 0.7500 0.9520 0.0000
vt 1.0000 0.9520 0.0000
vt 0.0000 0.9527 0.0000
vt 0.2500 0.9527 0.0000
vt 0.5000 0.9527 0.0000
vt 0.7500 0.9527 0.0000
vt 1.0000 0.9527 0.0000
vt 0.0000 0.9534 0.0000
vt 0.2500 0.9534 0.0000
vt 0.5000 0.9534 0.0000
vt 0.7500 0.9534 0.0000
vt 1.0000 0.9534 0.0000
vt 0.0000 1.0000 0.0000
vt 0.2500 1.0000 0.0000
vt 0.5000 1.0000 0.0000
vt 0.7500 1.0000 0.0000
vt 1.0000 1.0000 0.0000
# 135 texture coords

o G_B
g G_B
s 1
f 381/476/324 382/477/325 383/478/326 384/479/327 
s 2
f 384/479/327 383/478/326 385/480/328 386/481/329 
s 1
f 386/481/329 385/480/328 387/482/330 388/483/331 
s 2
f 388/483/331 387/482/330 382/484/325 381/485/324 
s 1
f 382/477/325 389/486/332 390/487/333 383/478/326 
s 2
f 383/478/326 390/487/333 391/488/334 385/480/328 
s 1
f 385/480/328 391/488/334 392/489/335 387/482/330 
s 2
f 387/482/330 392/489/335 389/490/332 382/484/325 
s 1
f 389/486/332 393/491/336 394/492/337 390/487/333 
s 2
f 390/487/333 394/492/337 395/493/338 391/488/334 
s 1
f 391/488/334 395/493/338 396/494/339 392/489/335 
s 2
f 392/489/335 396/494/339 393/495/336 389/490/332 
s 1
f 393/491/336 397/496/340 398/497/341 394/492/337 
s 2
f 394/492/337 398/497/341 399/498/342 395/493/338 
s 1
f 395/493/338 399/498/342 400/499/343 396/494/339 
s 2
f 396/494/339 400/499/343 397/500/340 393/495/336 
s 1
f 397/496/340 401/501/344 402/502/345 398/497/341 
s 2
f 398/497/341 402/502/345 403/503/346 399/498/342 
s 1
f 399/498/342 403/503/346 404/504/347 400/499/343 
s 2
f 400/499/343 404/504/347 401/505/344 397/500/340 
s 1
f 401/501/344 405/506/348 406/507/349 402/502/345 
s 2
f 402/502/345 406/507/349 407/508/350 403/503/346 
s 1
f 403/503/346 407/508/350 408/509/351 404/504/347 
s 2
f 404/504/347 408/509/351 405/510/348 401/505/344 
s 1
f 405/506/348 409/511/352 410/512/353 406/507/349 
s 2
f 406/507/349 410/512/353 411/513/354 407/508/350 
s 1
f 407/508/350 411/513/354 412/514/355 408/509/351 
s 2
f 408/509/351 412/514/355 409/515/352 405/510/348 
s 1
f 409/511/352 413/516/356 414/517/357 410/512/353 
s 2
f 410/512/353 414/517/357 415/518/358 411/513/354 
s 1
f 411/513/354 415/518/358 416/519/359 412/514/355 
s 2
f 412/514/355 416/519/359 413/520/356 409/515/352 
s 1
f 413/516/356 417/521/360 418/522/361 414/517/357 
s 2
f 414/517/357 418/522/361 419/523/362 415/518/358 
s 1
f 415/518/358 419/523/362 420/524/363 416/519/359 
s 2
f 416/519/359 420/524/363 417/525/360 413/520/356 
s 4
f 417/521/360 421/526/364 422/527/365 418/522/361 
s 8
f 418/522/361 422/527/365 423/528/366 419/523/362 
s 4
f 419/523/362 423/528/366 424/529/367 420/524/363 
s 8
f 420/524/363 424/529/367 421/530/364 417/525/360 
s 4
f 421/526/364 425/531/368 426/532/369 422/527/365 
s 8
f 422/527/365 426/532/369 427/533/370 423/528/366 
s 4
f 423/528/366 427/533/370 428/534/371 424/529/367 
s 8
f 424/529/367 428/534/371 425/535/368 421/530/364 
s 4
f 425/531/368 429/536/372 430/537/373 426/532/369 
s 8
f 426/532/369 430/537/373 431/538/374 427/533/370 
s 4
f 427/533/370 431/538/374 432/539/375 428/534/371 
s 8
f 428/534/371 432/539/375 429/540/372 425/535/368 
s 4
f 429/536/372 433/541/376 434/542/377 430/537/373 
s 8
f 430/537/373 434/542/377 435/543/378 431/538/374 
s 4
f 431/538/374 435/543/378 436/544/379 432/539/375 
s 8
f 432/539/375 436/544/379 433/545/376 429/540/372 
s 4
f 433/541/376 437/546/380 438/547/381 434/542/377 
s 8
f 434/542/377 438/547/381 439/548/382 435/543/378 
s 4
f 435/543/378 439/548/382 440/549/383 436/544/379 
s 8
f 436/544/379 440/549/383 437/550/380 433/545/376 
s 4
f 437/546/380 441/551/384 442/552/385 438/547/381 
s 8
f 438/547/381 442/552/385 443/553/386 439/548/382 
s 4
f 439/548/382 443/553/386 444/554/387 440/549/383 
s 8
f 440/549/383 444/554/387 441/555/384 437/550/380 
s 4
f 441/551/384 445/556/388 446/557/389 442/552/385 
s 8
f 442/552/385 446/557/389 447/558/390 443/553/386 
s 4
f 443/553/386 447/558/390 448/559/391 444/554/387 
s 8
f 444/554/387 448/559/391 445/560/388 441/555/384 
s 4
f 445/556/388 449/561/392 450/562/393 446/557/389 
s 8
f 446/557/389 450/562/393 451/563/394 447/558/390 
s 4
f 447/558/390 451/563/394 452/564/395 448/559/391 
s 8
f 448/559/391 452/564/395 449/565/392 445/560/388 
s 4
f 449/561/392 453/566/396 454/567/357 450/562/393 
s 8
f 450/562/393 454/567/357 455/568/397 451/563/394 
s 4
f 451/563/394 455/568/397 456/569/359 452/564/395 
s 8
f 452/564/395 456/569/359 453/570/396 449/565/392 
s 4
f 453/566/396 457/571/354 458/572/353 454/567/357 
s 8
f 454/567/357 458/572/353 459/573/398 455/568/397 
s 4
f 455/568/397 459/573/398 460/574/355 456/569/359 
s 8
f 456/569/359 460/574/355 457/575/354 453/570/396 
s 4
f 457/571/354 461/576/399 462/577/400 458/572/353 
s 8
f 458/572/353 462/577/400 463/578/401 459/573/398 
s 4
f 459/573/398 463/578/401 464/579/402 460/574/355 
s 8
f 460/574/355 464/579/402 461/580/399 457/575/354 
s 4
f 461/576/399 465/581/403 466/582/345 462/577/400 
s 8
f 462/577/400 466/582/345 467/583/344 463/578/401 
s 4
f 463/578/401 467/583/344 468/584/347 464/579/402 
s 8
f 464/579/402 468/584/347 465/585/403 461/580/399 
s 4
f 465/581/403 469/586/404 470/587/341 466/582/345 
s 8
f 466/582/345 470/587/341 471/588/405 467/583/344 
s 4
f 467/583/344 471/588/405 472/589/343 468/584/347 
s 8
f 468/584/347 472/589/343 469/590/404 465/585/403 
s 4
f 469/586/404 473/591/406 474/592/337 470/587/341 
s 8
f 470/587/341 474/592/337 475/593/407 471/588/405 
s 4
f 471/588/405 475/593/407 476/594/339 472/589/343 
s 8
f 472/589/343 476/594/339 473/595/406 469/590/404 
s 4
f 473/591/406 477/596/334 478/597/333 474/592/337 
s 8
f 474/592/337 478/597/333 479/598/408 475/593/407 
s 4
f 475/593/407 479/598/408 480/599/335 476/594/339 
s 8
f 476/594/339 480/599/335 477/600/334 473/595/406 
s 4
f 477/596/334 481/601/409 482/602/326 478/597/333 
s 8
f 478/597/333 482/602/326 483/603/325 479/598/408 
s 4
f 479/598/408 483/603/325 484/604/330 480/599/335 
s 8
f 480/599/335 484/604/330 481/605/409 477/600/334 
s 4
f 481/601/409 485/606/329 486/607/410 482/602/326 
s 8
f 482/602/326 486/607/410 487/608/411 483/603/325 
s 4
f 483/603/325 487/608/411 488/609/412 484/604/330 
s 8
f 484/604/330 488/609/412 485/610/329 481/605/409 
s 4
f 384/476/327 386/476/329 388/476/331 381/476/324 
s 1
f 487/476/411 486/476/410 485/476/329 
f 488/476/412 487/476/411 485/476/329 
# 105 polygons - 2 triangles

#
# object M_D
#

v  5423.5811 1988.5402 589.4545
v  5225.4727 1988.5402 589.4545
v  5225.5015 1988.0402 589.9545
v  5423.5811 1988.0402 589.9545
v  5225.5303 1987.5402 589.4545
v  5423.5811 1987.5402 589.4545
v  5225.5015 1988.0402 588.9545
v  5423.5811 1988.0402 588.9545
v  5195.8291 1985.1200 589.4545
v  5195.9434 1984.6299 589.9545
v  5196.0576 1984.1398 589.4545
v  5195.9434 1984.6299 588.9545
v  5168.5776 1975.3691 589.4545
v  5168.7988 1974.9172 589.9545
v  5169.0200 1974.4653 589.4545
v  5168.7988 1974.9172 588.9545
v  5144.5303 1960.0723 589.4545
v  5144.8452 1959.6799 589.9545
v  5145.1602 1959.2876 589.4545
v  5144.8452 1959.6799 588.9545
v  5124.4692 1940.0107 589.4545
v  5124.8613 1939.6960 589.9545
v  5125.2539 1939.3813 589.4545
v  5124.8613 1939.6960 588.9545
v  5109.1724 1915.9641 589.4545
v  5109.6245 1915.7429 589.9545
v  5110.0762 1915.5217 589.4545
v  5109.6245 1915.7429 588.9545
v  5099.4219 1888.7128 589.4545
v  5099.9116 1888.5984 589.9545
v  5100.4019 1888.4840 589.4545
v  5099.9116 1888.5984 588.9545
v  5096.0015 1859.0688 589.4545
v  5096.5015 1859.0402 589.9545
v  5097.0015 1859.0115 589.4545
v  5096.5015 1859.0402 588.9545
v  5096.0015 268.0220 589.4545
v  5096.5015 267.9932 589.9545
v  5097.0015 267.9645 589.4545
v  5096.5015 267.9932 588.9545
v  5092.5938 238.5494 589.4545
v  5093.0835 238.4349 589.9545
v  5093.5737 238.3204 589.4545
v  5093.0835 238.4349 588.9545
v  5082.8975 211.5118 589.4545
v  5083.3491 211.2903 589.9545
v  5083.8008 211.0689 589.4545
v  5083.3491 211.2903 588.9545
v  5067.6855 187.6525 589.4545
v  5068.0776 187.3374 589.9545
v  5068.4697 187.0223 589.4545
v  5068.0776 187.3374 588.9545
v  5047.7344 167.7461 589.4545
v  5048.0488 167.3534 589.9545
v  5048.3628 166.9607 589.4545
v  5048.0488 167.3534 588.9545
v  5023.8208 152.5683 589.4545
v  5024.0420 152.1162 589.9545
v  5024.2627 151.6641 589.4545
v  5024.0420 152.1162 588.9545
v  4996.7217 142.8938 589.4545
v  4996.8359 142.4036 589.9545
v  4996.9502 141.9135 589.4545
v  4996.8359 142.4036 588.9545
v  4967.1826 139.4932 589.4545
v  4967.2114 138.9932 589.9545
v  4967.2402 138.4932 589.4545
v  4967.2114 138.9932 588.9545
v  1764.7626 139.4932 589.4544
v  1764.7339 138.9932 589.9544
v  1764.7052 138.4932 589.4544
v  1764.7339 138.9932 588.9544
v  1761.4110 139.8799 589.4544
v  1761.2969 139.3898 589.9544
v  1761.1827 138.8996 589.4544
v  1761.2969 139.3898 588.9544
v  1758.3615 140.9711 589.4544
v  1758.1405 140.5190 589.9544
v  1757.9196 140.0670 589.4544
v  1758.1405 140.5190 588.9544
v  1755.6704 142.6833 589.4544
v  1755.3556 142.2910 589.9544
v  1755.0408 141.8987 589.4544
v  1755.3556 142.2910 588.9544
v  1753.4242 144.9291 589.4544
v  1753.0316 144.6146 589.9544
v  1752.6390 144.3001 589.4544
v  1753.0316 144.6146 588.9544
v  1751.7117 147.6215 589.4544
v  1751.2600 147.3999 589.9544
v  1750.8083 147.1783 589.4544
v  1751.2600 147.3999 588.9544
v  1750.6207 150.6707 589.4544
v  1750.1306 150.5563 589.9544
v  1749.6405 150.4418 589.4544
v  1750.1306 150.5563 588.9544
v  1750.2339 154.0216 589.4544
v  1749.7339 153.9932 589.9544
v  1749.2339 153.9648 589.4544
v  1749.7339 153.9932 588.9544
v  1750.2339 358.3937 589.4544
v  1749.7339 358.4219 589.9544
v  1749.2339 358.4502 589.4544
v  1749.7339 358.4219 588.9544
v  1750.6207 361.7455 589.4544
v  1750.1304 361.8589 589.9544
v  1749.6400 361.9724 589.4544
v  1750.1304 361.8589 588.9544
v  1751.7118 364.7947 589.4544
v  1751.2595 365.0153 589.9544
v  1750.8073 365.2358 589.4544
v  1751.2595 365.0153 588.9544
v  1753.4246 367.4862 589.4544
v  1753.0319 367.8006 589.9544
v  1752.6392 368.1150 589.4544
v  1753.0319 367.8006 588.9544
v  1755.6704 369.7321 589.4544
v  1755.3553 370.1243 589.9544
v  1755.0403 370.5164 589.4544
v  1755.3553 370.1243 588.9544
v  1758.3618 371.4441 589.4544
v  1758.1406 371.8960 589.9544
v  1757.9194 372.3479 589.4544
v  1758.1406 371.8960 588.9544
v  1761.4111 372.5352 589.4544
v  1761.2969 373.0254 589.9544
v  1761.1826 373.5155 589.4544
v  1761.2969 373.0254 588.9544
v  1764.7627 372.9219 589.4544
v  1764.7339 373.4219 589.9544
v  1764.7051 373.9219 589.4544
v  1764.7339 373.4219 588.9544
v  1992.7108 372.9219 589.4545
v  1992.7107 373.4219 589.9545
v  1992.7106 373.9219 589.4545
v  1992.7107 373.4219 588.9545
# 136 vertices

vn 0.5773 0.8166 0.0002
vn -0.0574 0.9984 0.0000
vn -0.0015 0.0258 0.9997
vn 0.5773 -0.0001 0.8165
vn 0.0574 -0.9984 -0.0000
vn 0.5774 -0.8165 -0.0000
vn -0.0015 0.0258 -0.9997
vn 0.5774 -0.0001 -0.8165
vn -0.2272 0.9738 0.0000
vn -0.0116 0.0499 0.9987
vn 0.2272 -0.9738 0.0000
vn -0.0116 0.0499 -0.9987
vn -0.4395 0.8982 0.0000
vn -0.0219 0.0448 0.9988
vn 0.4395 -0.8982 -0.0000
vn -0.0219 0.0448 -0.9988
vn -0.6257 0.7801 0.0000
vn -0.0307 0.0382 0.9988
vn 0.6257 -0.7801 -0.0000
vn -0.0307 0.0382 -0.9988
vn -0.7801 0.6257 0.0000
vn -0.0382 0.0307 0.9988
vn 0.7801 -0.6257 -0.0000
vn -0.0382 0.0307 -0.9988
vn -0.8982 0.4395 0.0000
vn -0.0448 0.0219 0.9988
vn 0.8982 -0.4395 -0.0000
vn -0.0448 0.0219 -0.9988
vn -0.9738 0.2272 0.0000
vn -0.0499 0.0116 0.9987
vn 0.9738 -0.2272 -0.0000
vn -0.0499 0.0116 -0.9987
vn -0.9984 0.0574 0.0000
vn -0.0258 0.0015 0.9997
vn 0.9984 -0.0574 -0.0000
vn -0.0258 0.0015 -0.9997
vn -0.9983 0.0575 0.0000
vn 0.0258 -0.0015 0.9997
vn 0.9983 -0.0575 -0.0000
vn 0.0258 -0.0015 -0.9997
vn -0.9737 0.2277 0.0000
vn 0.0499 -0.0117 0.9987
vn 0.9737 -0.2277 -0.0000
vn 0.0499 -0.0117 -0.9987
vn -0.8978 0.4403 0.0000
vn 0.0449 -0.0220 0.9988
vn 0.8978 -0.4403 -0.0000
vn 0.0449 -0.0220 -0.9988
vn -0.7794 0.6265 0.0000
vn 0.0382 -0.0307 0.9988
vn 0.7794 -0.6265 -0.0000
vn 0.0382 -0.0307 -0.9988
vn -0.6248 0.7808 0.0000
vn 0.0306 -0.0382 0.9988
vn 0.6248 -0.7808 -0.0000
vn 0.0306 -0.0382 -0.9988
vn -0.4388 0.8986 0.0000
vn 0.0219 -0.0448 0.9988
vn 0.4388 -0.8986 -0.0000
vn 0.0219 -0.0448 -0.9988
vn -0.2268 0.9740 0.0000
vn 0.0116 -0.0498 0.9987
vn 0.2268 -0.9739 -0.0000
vn 0.0116 -0.0498 -0.9987
vn -0.0573 0.9984 -0.0000
vn 0.0015 -0.0257 0.9997
vn 0.0573 -0.9984 -0.0000
vn 0.0015 -0.0257 -0.9997
vn 0.0574 0.9984 -0.0000
vn -0.0015 -0.0258 0.9997
vn -0.0574 -0.9984 -0.0000
vn -0.0015 -0.0258 -0.9997
vn 0.2273 0.9738 -0.0000
vn -0.0117 -0.0498 0.9987
vn -0.2272 -0.9739 -0.0000
vn -0.0117 -0.0498 -0.9987
vn 0.4396 0.8982 0.0000
vn -0.0220 -0.0448 0.9988
vn -0.4395 -0.8982 0.0000
vn -0.0220 -0.0448 -0.9988
vn 0.6257 0.7801 0.0000
vn -0.0306 -0.0382 0.9988
vn -0.6257 -0.7801 -0.0000
vn -0.0306 -0.0382 -0.9988
vn 0.7801 0.6257 0.0000
vn -0.0382 -0.0307 0.9988
vn -0.7801 -0.6256 -0.0000
vn -0.0382 -0.0307 -0.9988
vn 0.8983 0.4395 0.0000
vn -0.0448 -0.0219 0.9988
vn -0.8982 -0.4396 -0.0000
vn -0.0448 -0.0219 -0.9988
vn 0.9738 0.2272 -0.0000
vn -0.0498 -0.0116 0.9987
vn -0.9738 -0.2273 -0.0000
vn -0.0498 -0.0116 -0.9987
vn 0.9983 0.0575 0.0000
vn -0.0258 -0.0015 0.9997
vn -0.9984 -0.0574 -0.0000
vn -0.0258 -0.0015 -0.9997
vn 0.9983 -0.0574 0.0000
vn -0.9984 0.0573 -0.0000
vn 0.9738 -0.2274 0.0000
vn -0.0498 0.0117 0.9987
vn -0.9739 0.2271 -0.0000
vn -0.0498 0.0117 -0.9987
vn 0.8981 -0.4397 -0.0000
vn -0.0448 0.0220 0.9988
vn -0.8983 0.4395 -0.0000
vn -0.0448 0.0220 -0.9988
vn 0.7800 -0.6258 0.0000
vn -0.7801 0.6256 -0.0000
vn 0.6256 -0.7801 -0.0000
vn -0.0306 0.0383 0.9988
vn -0.6257 0.7801 -0.0000
vn -0.0306 0.0383 -0.9988
vn 0.4395 -0.8982 0.0000
vn -0.4396 0.8982 0.0000
vn 0.2273 -0.9738 0.0000
vn -0.2272 0.9738 -0.0000
vn 0.0574 -0.9984 0.0000
vn 0.5774 -0.8164 -0.0000
vn 0.5774 0.0001 0.8165
vn 0.5773 0.8165 0.0000
vn 0.5774 0.0001 -0.8165
# 125 vertex normals

vt 0.0000 0.0000 0.0000
vt 198.0796 0.0000 0.0000
vt 198.0796 0.7854 0.0000
vt 0.0000 0.7854 0.0000
vt 198.0796 1.5708 0.0000
vt 0.0000 1.5708 0.0000
vt 198.0796 2.3562 0.0000
vt 0.0000 2.3562 0.0000
vt 198.0796 3.1416 0.0000
vt 0.0000 3.1416 0.0000
vt 227.8339 0.0000 0.0000
vt 227.8339 0.7854 0.0000
vt 227.8339 1.5708 0.0000
vt 227.8339 2.3562 0.0000
vt 227.8339 3.1416 0.0000
vt 256.6636 0.0000 0.0000
vt 256.6636 0.7854 0.0000
vt 256.6636 1.5708 0.0000
vt 256.6636 2.3562 0.0000
vt 256.6636 3.1416 0.0000
vt 285.0529 0.0000 0.0000
vt 285.0529 0.7854 0.0000
vt 285.0529 1.5708 0.0000
vt 285.0529 2.3562 0.0000
vt 285.0529 3.1416 0.0000
vt 313.3142 0.0000 0.0000
vt 313.3142 0.7854 0.0000
vt 313.3142 1.5708 0.0000
vt 313.3142 2.3562 0.0000
vt 313.3142 3.1416 0.0000
vt 341.7030 0.0000 0.0000
vt 341.7030 0.7854 0.0000
vt 341.7030 1.5708 0.0000
vt 341.7030 2.3562 0.0000
vt 341.7030 3.1416 0.0000
vt 370.5329 0.0000 0.0000
vt 370.5329 0.7854 0.0000
vt 370.5329 1.5708 0.0000
vt 370.5329 2.3562 0.0000
vt 370.5329 3.1416 0.0000
vt 400.2872 0.0000 0.0000
vt 400.2872 0.7854 0.0000
vt 400.2872 1.5708 0.0000
vt 400.2872 2.3562 0.0000
vt 400.2872 3.1416 0.0000
vt 1991.3341 0.0000 0.0000
vt 1991.3341 0.7854 0.0000
vt 1991.3341 1.5708 0.0000
vt 1991.3341 2.3562 0.0000
vt 1991.3341 3.1416 0.0000
vt 2021.0892 0.0000 0.0000
vt 2021.0892 0.7854 0.0000
vt 2021.0892 1.5708 0.0000
vt 2021.0892 2.3562 0.0000
vt 2021.0892 3.1416 0.0000
vt 2049.9268 0.0000 0.0000
vt 2049.9268 0.7854 0.0000
vt 2049.9268 1.5708 0.0000
vt 2049.9268 2.3562 0.0000
vt 2049.9268 3.1416 0.0000
vt 2078.3337 0.0000 0.0000
vt 2078.3337 0.7854 0.0000
vt 2078.3337 1.5708 0.0000
vt 2078.3337 2.3562 0.0000
vt 2078.3337 3.1416 0.0000
vt 2106.6272 0.0000 0.0000
vt 2106.6272 0.7854 0.0000
vt 2106.6272 1.5708 0.0000
vt 2106.6272 2.3562 0.0000
vt 2106.6272 3.1416 0.0000
vt 2135.0613 0.0000 0.0000
vt 2135.0613 0.7854 0.0000
vt 2135.0613 1.5708 0.0000
vt 2135.0613 2.3562 0.0000
vt 2135.0613 3.1416 0.0000
vt 2163.9485 0.0000 0.0000
vt 2163.9485 0.7854 0.0000
vt 2163.9485 1.5708 0.0000
vt 2163.9485 2.3562 0.0000
vt 2163.9485 3.1416 0.0000
vt 2193.7688 0.0000 0.0000
vt 2193.7688 0.7854 0.0000
vt 2193.7688 1.5708 0.0000
vt 2193.7688 2.3562 0.0000
vt 2193.7688 3.1416 0.0000
vt 5396.2461 0.0000 0.0000
vt 5396.2461 0.7854 0.0000
vt 5396.2461 1.5708 0.0000
vt 5396.2461 2.3562 0.0000
vt 5396.2461 3.1416 0.0000
vt 5399.7061 0.0000 0.0000
vt 5399.7061 0.7854 0.0000
vt 5399.7061 1.5708 0.0000
vt 5399.7061 2.3562 0.0000
vt 5399.7061 3.1416 0.0000
vt 5403.0586 0.0000 0.0000
vt 5403.0586 0.7854 0.0000
vt 5403.0586 1.5708 0.0000
vt 5403.0586 2.3562 0.0000
vt 5403.0586 3.1416 0.0000
vt 5406.3594 0.0000 0.0000
vt 5406.3594 0.7854 0.0000
vt 5406.3594 1.5708 0.0000
vt 5406.3594 2.3562 0.0000
vt 5406.3594 3.1416 0.0000
vt 5409.6455 0.0000 0.0000
vt 5409.6455 0.7854 0.0000
vt 5409.6455 1.5708 0.0000
vt 5409.6455 2.3562 0.0000
vt 5409.6455 3.1416 0.0000
vt 5412.9463 0.0000 0.0000
vt 5412.9463 0.7854 0.0000
vt 5412.9463 1.5708 0.0000
vt 5412.9463 2.3562 0.0000
vt 5412.9463 3.1416 0.0000
vt 5416.2988 0.0000 0.0000
vt 5416.2988 0.7854 0.0000
vt 5416.2988 1.5708 0.0000
vt 5416.2988 2.3562 0.0000
vt 5416.2988 3.1416 0.0000
vt 5419.7588 0.0000 0.0000
vt 5419.7588 0.7854 0.0000
vt 5419.7588 1.5708 0.0000
vt 5419.7588 2.3562 0.0000
vt 5419.7588 3.1416 0.0000
vt 5624.1875 0.0000 0.0000
vt 5624.1875 0.7854 0.0000
vt 5624.1875 1.5708 0.0000
vt 5624.1875 2.3562 0.0000
vt 5624.1875 3.1416 0.0000
vt 5627.6475 0.0000 0.0000
vt 5627.6475 0.7854 0.0000
vt 5627.6475 1.5708 0.0000
vt 5627.6475 2.3562 0.0000
vt 5627.6475 3.1416 0.0000
vt 5630.9995 0.0000 0.0000
vt 5630.9995 0.7854 0.0000
vt 5630.9995 1.5708 0.0000
vt 5630.9995 2.3562 0.0000
vt 5630.9995 3.1416 0.0000
vt 5634.3008 0.0000 0.0000
vt 5634.3008 0.7854 0.0000
vt 5634.3008 1.5708 0.0000
vt 5634.3008 2.3562 0.0000
vt 5634.3008 3.1416 0.0000
vt 5637.5869 0.0000 0.0000
vt 5637.5869 0.7854 0.0000
vt 5637.5869 1.5708 0.0000
vt 5637.5869 2.3562 0.0000
vt 5637.5869 3.1416 0.0000
vt 5640.8882 0.0000 0.0000
vt 5640.8882 0.7854 0.0000
vt 5640.8882 1.5708 0.0000
vt 5640.8882 2.3562 0.0000
vt 5640.8882 3.1416 0.0000
vt 5644.2402 0.0000 0.0000
vt 5644.2402 0.7854 0.0000
vt 5644.2402 1.5708 0.0000
vt 5644.2402 2.3562 0.0000
vt 5644.2402 3.1416 0.0000
vt 5647.7002 0.0000 0.0000
vt 5647.7002 0.7854 0.0000
vt 5647.7002 1.5708 0.0000
vt 5647.7002 2.3562 0.0000
vt 5647.7002 3.1416 0.0000
vt 5875.6768 0.0000 0.0000
vt 5875.6768 0.7854 0.0000
vt 5875.6768 1.5708 0.0000
vt 5875.6768 2.3562 0.0000
vt 5875.6768 3.1416 0.0000
# 170 texture coords

o M_D
g M_D
s 1
f 489/611/413 490/612/414 491/613/415 492/614/416 
s 2
f 492/614/416 491/613/415 493/615/417 494/616/418 
s 1
f 494/616/418 493/615/417 495/617/419 496/618/420 
s 2
f 496/618/420 495/617/419 490/619/414 489/620/413 
s 1
f 490/612/414 497/621/421 498/622/422 491/613/415 
s 2
f 491/613/415 498/622/422 499/623/423 493/615/417 
s 1
f 493/615/417 499/623/423 500/624/424 495/617/419 
s 2
f 495/617/419 500/624/424 497/625/421 490/619/414 
s 1
f 497/621/421 501/626/425 502/627/426 498/622/422 
s 2
f 498/622/422 502/627/426 503/628/427 499/623/423 
s 1
f 499/623/423 503/628/427 504/629/428 500/624/424 
s 2
f 500/624/424 504/629/428 501/630/425 497/625/421 
s 1
f 501/626/425 505/631/429 506/632/430 502/627/426 
s 2
f 502/627/426 506/632/430 507/633/431 503/628/427 
s 1
f 503/628/427 507/633/431 508/634/432 504/629/428 
s 2
f 504/629/428 508/634/432 505/635/429 501/630/425 
s 1
f 505/631/429 509/636/433 510/637/434 506/632/430 
s 2
f 506/632/430 510/637/434 511/638/435 507/633/431 
s 1
f 507/633/431 511/638/435 512/639/436 508/634/432 
s 2
f 508/634/432 512/639/436 509/640/433 505/635/429 
s 1
f 509/636/433 513/641/437 514/642/438 510/637/434 
s 2
f 510/637/434 514/642/438 515/643/439 511/638/435 
s 1
f 511/638/435 515/643/439 516/644/440 512/639/436 
s 2
f 512/639/436 516/644/440 513/645/437 509/640/433 
s 1
f 513/641/437 517/646/441 518/647/442 514/642/438 
s 2
f 514/642/438 518/647/442 519/648/443 515/643/439 
s 1
f 515/643/439 519/648/443 520/649/444 516/644/440 
s 2
f 516/644/440 520/649/444 517/650/441 513/645/437 
s 1
f 517/646/441 521/651/445 522/652/446 518/647/442 
s 2
f 518/647/442 522/652/446 523/653/447 519/648/443 
s 1
f 519/648/443 523/653/447 524/654/448 520/649/444 
s 2
f 520/649/444 524/654/448 521/655/445 517/650/441 
s 1
f 521/651/445 525/656/449 526/657/450 522/652/446 
s 2
f 522/652/446 526/657/450 527/658/451 523/653/447 
s 1
f 523/653/447 527/658/451 528/659/452 524/654/448 
s 2
f 524/654/448 528/659/452 525/660/449 521/655/445 
s 1
f 525/656/449 529/661/453 530/662/454 526/657/450 
s 2
f 526/657/450 530/662/454 531/663/455 527/658/451 
s 1
f 527/658/451 531/663/455 532/664/456 528/659/452 
s 2
f 528/659/452 532/664/456 529/665/453 525/660/449 
s 1
f 529/661/453 533/666/457 534/667/458 530/662/454 
s 2
f 530/662/454 534/667/458 535/668/459 531/663/455 
s 1
f 531/663/455 535/668/459 536/669/460 532/664/456 
s 2
f 532/664/456 536/669/460 533/670/457 529/665/453 
s 1
f 533/666/457 537/671/461 538/672/462 534/667/458 
s 2
f 534/667/458 538/672/462 539/673/463 535/668/459 
s 1
f 535/668/459 539/673/463 540/674/464 536/669/460 
s 2
f 536/669/460 540/674/464 537/675/461 533/670/457 
s 1
f 537/671/461 541/676/465 542/677/466 538/672/462 
s 2
f 538/672/462 542/677/466 543/678/467 539/673/463 
s 1
f 539/673/463 543/678/467 544/679/468 540/674/464 
s 2
f 540/674/464 544/679/468 541/680/465 537/675/461 
s 1
f 541/676/465 545/681/469 546/682/470 542/677/466 
s 2
f 542/677/466 546/682/470 547/683/471 543/678/467 
s 1
f 543/678/467 547/683/471 548/684/472 544/679/468 
s 2
f 544/679/468 548/684/472 545/685/469 541/680/465 
s 1
f 545/681/469 549/686/473 550/687/474 546/682/470 
s 2
f 546/682/470 550/687/474 551/688/475 547/683/471 
s 1
f 547/683/471 551/688/475 552/689/476 548/684/472 
s 2
f 548/684/472 552/689/476 549/690/473 545/685/469 
s 1
f 549/686/473 553/691/477 554/692/478 550/687/474 
s 2
f 550/687/474 554/692/478 555/693/479 551/688/475 
s 1
f 551/688/475 555/693/479 556/694/480 552/689/476 
s 2
f 552/689/476 556/694/480 553/695/477 549/690/473 
s 1
f 553/691/477 557/696/481 558/697/482 554/692/478 
s 2
f 554/692/478 558/697/482 559/698/483 555/693/479 
s 1
f 555/693/479 559/698/483 560/699/484 556/694/480 
s 2
f 556/694/480 560/699/484 557/700/481 553/695/477 
s 1
f 557/696/481 561/701/485 562/702/486 558/697/482 
s 2
f 558/697/482 562/702/486 563/703/487 559/698/483 
s 1
f 559/698/483 563/703/487 564/704/488 560/699/484 
s 2
f 560/699/484 564/704/488 561/705/485 557/700/481 
s 1
f 561/701/485 565/706/489 566/707/490 562/702/486 
s 2
f 562/702/486 566/707/490 567/708/491 563/703/487 
s 1
f 563/703/487 567/708/491 568/709/492 564/704/488 
s 2
f 564/704/488 568/709/492 565/710/489 561/705/485 
s 1
f 565/706/489 569/711/493 570/712/494 566/707/490 
s 2
f 566/707/490 570/712/494 571/713/495 567/708/491 
s 1
f 567/708/491 571/713/495 572/714/496 568/709/492 
s 2
f 568/709/492 572/714/496 569/715/493 565/710/489 
s 1
f 569/711/493 573/716/497 574/717/498 570/712/494 
s 2
f 570/712/494 574/717/498 575/718/499 571/713/495 
s 1
f 571/713/495 575/718/499 576/719/500 572/714/496 
s 2
f 572/714/496 576/719/500 573/720/497 569/715/493 
s 1
f 573/716/497 577/721/501 578/722/502 574/717/498 
s 2
f 574/717/498 578/722/502 579/723/503 575/718/499 
s 1
f 575/718/499 579/723/503 580/724/504 576/719/500 
s 2
f 576/719/500 580/724/504 577/725/501 573/720/497 
s 1
f 577/721/501 581/726/505 582/727/506 578/722/502 
s 2
f 578/722/502 582/727/506 583/728/507 579/723/503 
s 1
f 579/723/503 583/728/507 584/729/508 580/724/504 
s 2
f 580/724/504 584/729/508 581/730/505 577/725/501 
s 1
f 581/726/505 585/731/509 586/732/510 582/727/506 
s 2
f 582/727/506 586/732/510 587/733/511 583/728/507 
s 1
f 583/728/507 587/733/511 588/734/512 584/729/508 
s 2
f 584/729/508 588/734/512 585/735/509 581/730/505 
s 1
f 585/731/509 589/736/513 590/737/446 586/732/510 
s 2
f 586/732/510 590/737/446 591/738/514 587/733/511 
s 1
f 587/733/511 591/738/514 592/739/448 588/734/512 
s 2
f 588/734/512 592/739/448 589/740/513 585/735/509 
s 1
f 589/736/513 593/741/515 594/742/516 590/737/446 
s 2
f 590/737/446 594/742/516 595/743/517 591/738/514 
s 1
f 591/738/514 595/743/517 596/744/518 592/739/448 
s 2
f 592/739/448 596/744/518 593/745/515 589/740/513 
s 1
f 593/741/515 597/746/519 598/747/520 594/742/516 
s 2
f 594/742/516 598/747/520 599/748/521 595/743/517 
s 1
f 595/743/517 599/748/521 600/749/522 596/744/518 
s 2
f 596/744/518 600/749/522 597/750/519 593/745/515 
s 1
f 597/746/519 601/751/523 602/752/434 598/747/520 
s 2
f 598/747/520 602/752/434 603/753/524 599/748/521 
s 1
f 599/748/521 603/753/524 604/754/436 600/749/522 
s 2
f 600/749/522 604/754/436 601/755/523 597/750/519 
s 1
f 601/751/523 605/756/525 606/757/526 602/752/434 
s 2
f 602/752/434 606/757/526 607/758/527 603/753/524 
s 1
f 603/753/524 607/758/527 608/759/528 604/754/436 
s 2
f 604/754/436 608/759/528 605/760/525 601/755/523 
s 1
f 605/756/525 609/761/529 610/762/426 606/757/526 
s 2
f 606/757/526 610/762/426 611/763/530 607/758/527 
s 1
f 607/758/527 611/763/530 612/764/428 608/759/528 
s 2
f 608/759/528 612/764/428 609/765/529 605/760/525 
s 1
f 609/761/529 613/766/531 614/767/422 610/762/426 
s 2
f 610/762/426 614/767/422 615/768/532 611/763/530 
s 1
f 611/763/530 615/768/532 616/769/424 612/764/428 
s 2
f 612/764/428 616/769/424 613/770/531 609/765/529 
s 1
f 613/766/531 617/771/533 618/772/415 614/767/422 
s 2
f 614/767/422 618/772/415 619/773/414 615/768/532 
s 1
f 615/768/532 619/773/414 620/774/419 616/769/424 
s 2
f 616/769/424 620/774/419 617/775/533 613/770/531 
s 1
f 617/771/533 621/776/534 622/777/535 618/772/415 
s 2
f 618/772/415 622/777/535 623/778/536 619/773/414 
s 1
f 619/773/414 623/778/536 624/779/537 620/774/419 
s 2
f 620/774/419 624/779/537 621/780/534 617/775/533 
s 4
f 492/611/416 494/611/418 496/611/420 489/611/413 
f 623/611/536 622/611/535 621/611/534 
f 624/611/537 623/611/536 621/611/534 
# 133 polygons - 2 triangles

#
# object H_C
#

v  4445.7061 1988.1045 589.4545
v  4121.9009 1988.1045 589.4545
v  4121.9297 1987.6045 589.9545
v  4445.7061 1987.6045 589.9545
v  4121.9585 1987.1045 589.4545
v  4445.7061 1987.1045 589.4545
v  4121.9297 1987.6045 588.9545
v  4445.7061 1987.6045 588.9545
v  4084.0083 1983.7325 589.4545
v  4084.1226 1983.2424 589.9545
v  4084.2371 1982.7523 589.4545
v  4084.1226 1983.2424 588.9545
v  4049.1819 1971.2712 589.4545
v  4049.4028 1970.8193 589.9545
v  4049.6240 1970.3674 589.4545
v  4049.4028 1970.8193 588.9545
v  4018.4504 1951.7222 589.4545
v  4018.7651 1951.3298 589.9545
v  4019.0798 1950.9374 589.4545
v  4018.7651 1951.3298 588.9545
v  3992.8118 1926.0837 589.4545
v  3993.2041 1925.7690 589.9545
v  3993.5967 1925.4543 589.4545
v  3993.2041 1925.7690 588.9545
v  3973.2629 1895.3523 589.4545
v  3973.7148 1895.1312 589.9545
v  3974.1667 1894.9102 589.4545
v  3973.7148 1895.1312 588.9545
v  3960.8018 1860.5259 589.4545
v  3961.2917 1860.4115 589.9545
v  3961.7817 1860.2971 589.4545
v  3961.2917 1860.4115 588.9545
v  3956.4297 1822.6333 589.4545
v  3956.9297 1822.6045 589.9545
v  3957.4297 1822.5757 589.4545
v  3956.9297 1822.6045 588.9545
v  3956.4297 154.0220 589.4544
v  3956.9297 153.9932 589.9544
v  3957.4297 153.9645 589.4544
v  3956.9297 153.9932 588.9544
v  3956.0430 150.6706 589.4544
v  3956.5332 150.5562 589.9544
v  3957.0232 150.4418 589.4544
v  3956.5332 150.5562 588.9544
v  3954.9519 147.6208 589.4544
v  3955.4038 147.3997 589.9544
v  3955.8557 147.1786 589.4544
v  3955.4038 147.3997 588.9544
v  3953.2395 144.9294 589.4544
v  3953.6318 144.6147 589.9544
v  3954.0242 144.3000 589.4544
v  3953.6318 144.6147 588.9544
v  3950.9937 142.6833 589.4544
v  3951.3083 142.2910 589.9544
v  3951.6230 141.8986 589.4544
v  3951.3083 142.2910 588.9544
v  3948.3018 140.9711 589.4544
v  3948.5229 140.5192 589.9544
v  3948.7441 140.0673 589.4544
v  3948.5229 140.5192 588.9544
v  3945.2524 139.8799 589.4544
v  3945.3667 139.3898 589.9544
v  3945.4810 138.8997 589.4544
v  3945.3667 139.3898 588.9544
v  3941.9009 139.4932 589.4544
v  3941.9297 138.9932 589.9544
v  3941.9585 138.4932 589.4544
v  3941.9297 138.9932 588.9544
v  1764.7626 139.4932 589.4544
v  1764.7339 138.9932 589.9544
v  1764.7052 138.4932 589.4544
v  1764.7339 138.9932 588.9544
v  1761.4111 139.8799 589.4544
v  1761.2969 139.3897 589.9544
v  1761.1826 138.8995 589.4544
v  1761.2969 139.3897 588.9544
v  1758.3613 140.9710 589.4544
v  1758.1404 140.5190 589.9544
v  1757.9194 140.0670 589.4544
v  1758.1404 140.5190 588.9544
v  1755.6703 142.6832 589.4544
v  1755.3553 142.2910 589.9544
v  1755.0404 141.8987 589.4544
v  1755.3553 142.2910 588.9544
v  1753.4242 144.9291 589.4544
v  1753.0316 144.6146 589.9544
v  1752.6390 144.3002 589.4544
v  1753.0316 144.6146 588.9544
v  1751.7117 147.6215 589.4544
v  1751.2599 147.4000 589.9544
v  1750.8081 147.1785 589.4544
v  1751.2599 147.4000 588.9544
v  1750.6206 150.6706 589.4544
v  1750.1305 150.5562 589.9544
v  1749.6404 150.4418 589.4544
v  1750.1305 150.5562 588.9544
v  1750.2339 154.0215 589.4544
v  1749.7339 153.9932 589.9544
v  1749.2339 153.9649 589.4544
v  1749.7339 153.9932 588.9544
v  1750.2339 895.6531 589.4545
v  1749.7339 895.6814 589.9545
v  1749.2339 895.7097 589.4545
v  1749.7339 895.6814 588.9545
v  1750.6205 899.0040 589.4545
v  1750.1304 899.1184 589.9545
v  1749.6403 899.2328 589.4545
v  1750.1304 899.1184 588.9545
v  1751.7114 902.0533 589.4545
v  1751.2596 902.2747 589.9545
v  1750.8079 902.4962 589.4545
v  1751.2596 902.2747 588.9545
v  1753.4243 904.7456 589.4545
v  1753.0317 905.0600 589.9545
v  1752.6392 905.3745 589.4545
v  1753.0317 905.0600 588.9545
v  1755.6703 906.9915 589.4545
v  1755.3553 907.3837 589.9545
v  1755.0404 907.7759 589.4545
v  1755.3553 907.3837 588.9545
v  1758.3617 908.7035 589.4545
v  1758.1406 909.1555 589.9545
v  1757.9196 909.6074 589.4545
v  1758.1406 909.1555 588.9545
v  1761.4111 909.7947 589.4545
v  1761.2970 910.2849 589.9545
v  1761.1829 910.7750 589.4545
v  1761.2970 910.2849 588.9545
v  1764.7626 910.1814 589.4545
v  1764.7339 910.6814 589.9545
v  1764.7052 911.1814 589.4545
v  1764.7339 910.6814 588.9545
v  1992.7108 910.1814 589.4545
v  1992.7108 910.6814 589.9545
v  1992.7108 911.1814 589.4545
v  1992.7108 910.6814 588.9545
# 136 vertices

vn 0.5773 0.8166 -0.0002
vn -0.0574 0.9984 0.0000
vn -0.0015 0.0258 0.9997
vn 0.5773 -0.0001 0.8165
vn 0.0574 -0.9984 -0.0000
vn 0.5774 -0.8165 -0.0000
vn -0.0015 0.0258 -0.9997
vn 0.5774 -0.0001 -0.8165
vn -0.2272 0.9738 0.0000
vn -0.0116 0.0499 0.9987
vn 0.2272 -0.9738 0.0000
vn -0.0116 0.0499 -0.9987
vn -0.4395 0.8982 0.0000
vn -0.0219 0.0448 0.9988
vn 0.4395 -0.8982 0.0000
vn -0.0219 0.0448 -0.9988
vn -0.6257 0.7801 0.0000
vn -0.0307 0.0382 0.9988
vn 0.6257 -0.7801 -0.0000
vn -0.0307 0.0382 -0.9988
vn -0.7801 0.6257 0.0000
vn -0.0382 0.0307 0.9988
vn 0.7801 -0.6257 -0.0000
vn -0.0382 0.0307 -0.9988
vn -0.8982 0.4395 0.0000
vn -0.0448 0.0219 0.9988
vn 0.8982 -0.4395 0.0000
vn -0.0448 0.0219 -0.9988
vn -0.9738 0.2272 0.0000
vn -0.0499 0.0116 0.9987
vn 0.9738 -0.2272 -0.0000
vn -0.0499 0.0116 -0.9987
vn -0.9984 0.0574 -0.0000
vn -0.0258 0.0015 0.9997
vn 0.9984 -0.0574 -0.0000
vn -0.0258 0.0015 -0.9997
vn -0.9984 0.0574 0.0000
vn 0.0258 -0.0015 0.9997
vn 0.9984 -0.0574 0.0000
vn 0.0258 -0.0015 -0.9997
vn 0.0499 -0.0116 0.9987
vn 0.0499 -0.0116 -0.9987
vn -0.8982 0.4396 0.0000
vn 0.0449 -0.0220 0.9988
vn 0.8982 -0.4396 -0.0000
vn 0.0449 -0.0220 -0.9988
vn 0.0382 -0.0306 0.9988
vn 0.7801 -0.6257 0.0000
vn 0.0382 -0.0306 -0.9988
vn 0.0307 -0.0382 0.9988
vn 0.6257 -0.7801 0.0000
vn 0.0307 -0.0382 -0.9988
vn 0.0219 -0.0448 0.9988
vn 0.4395 -0.8982 -0.0000
vn 0.0219 -0.0448 -0.9988
vn 0.0116 -0.0499 0.9987
vn 0.0116 -0.0499 -0.9987
vn 0.0015 -0.0258 0.9997
vn 0.0015 -0.0258 -0.9997
vn 0.0574 0.9984 0.0000
vn -0.0015 -0.0258 0.9997
vn -0.0574 -0.9984 0.0000
vn -0.0015 -0.0258 -0.9997
vn 0.2272 0.9738 0.0000
vn -0.0116 -0.0498 0.9987
vn -0.2272 -0.9739 -0.0000
vn -0.0116 -0.0498 -0.9987
vn 0.4396 0.8982 0.0000
vn -0.0220 -0.0448 0.9988
vn -0.4395 -0.8982 -0.0000
vn -0.0220 -0.0448 -0.9988
vn 0.6257 0.7801 0.0000
vn -0.0306 -0.0382 0.9988
vn -0.6257 -0.7800 -0.0000
vn -0.0306 -0.0382 -0.9988
vn 0.7801 0.6257 0.0000
vn -0.0382 -0.0307 0.9988
vn -0.7801 -0.6256 -0.0000
vn -0.0382 -0.0307 -0.9988
vn 0.8982 0.4395 0.0000
vn -0.0448 -0.0219 0.9988
vn -0.8982 -0.4396 0.0000
vn -0.0448 -0.0219 -0.9988
vn 0.9738 0.2273 0.0000
vn -0.0499 -0.0116 0.9987
vn -0.9738 -0.2273 0.0000
vn -0.0499 -0.0116 -0.9987
vn 0.9983 0.0574 -0.0000
vn -0.0258 -0.0015 0.9997
vn -0.9984 -0.0574 0.0000
vn -0.0258 -0.0015 -0.9997
vn 0.9738 -0.2272 0.0000
vn -0.9738 0.2272 -0.0000
vn 0.8982 -0.4395 -0.0000
vn -0.0449 0.0219 0.9988
vn -0.8982 0.4396 -0.0000
vn -0.0449 0.0219 -0.9988
vn 0.7800 -0.6257 -0.0000
vn 0.6256 -0.7801 0.0000
vn -0.0306 0.0382 0.9988
vn -0.6257 0.7801 -0.0000
vn -0.0306 0.0382 -0.9988
vn 0.2273 -0.9738 -0.0000
vn -0.0117 0.0498 0.9987
vn -0.0117 0.0498 -0.9987
vn 0.0574 -0.9984 0.0000
vn 0.5774 -0.0000 0.8165
vn 0.5774 0.8165 0.0000
vn 0.5774 0.0000 -0.8165
# 109 vertex normals

vt 0.0000 0.0000 0.0000
vt 0.0000 0.0592 0.0000
vt 0.2500 0.0592 0.0000
vt 0.2500 0.0000 0.0000
vt 0.5000 0.0592 0.0000
vt 0.5000 0.0000 0.0000
vt 0.7500 0.0592 0.0000
vt 0.7500 0.0000 0.0000
vt 1.0000 0.0592 0.0000
vt 1.0000 0.0000 0.0000
vt 0.0000 0.0662 0.0000
vt 0.2500 0.0662 0.0000
vt 0.5000 0.0662 0.0000
vt 0.7500 0.0662 0.0000
vt 1.0000 0.0662 0.0000
vt 0.0000 0.0729 0.0000
vt 0.2500 0.0729 0.0000
vt 0.5000 0.0729 0.0000
vt 0.7500 0.0729 0.0000
vt 1.0000 0.0729 0.0000
vt 0.0000 0.0796 0.0000
vt 0.2500 0.0796 0.0000
vt 0.5000 0.0796 0.0000
vt 0.7500 0.0796 0.0000
vt 1.0000 0.0796 0.0000
vt 0.0000 0.0862 0.0000
vt 0.2500 0.0862 0.0000
vt 0.5000 0.0862 0.0000
vt 0.7500 0.0862 0.0000
vt 1.0000 0.0862 0.0000
vt 0.0000 0.0928 0.0000
vt 0.2500 0.0928 0.0000
vt 0.5000 0.0928 0.0000
vt 0.7500 0.0928 0.0000
vt 1.0000 0.0928 0.0000
vt 0.0000 0.0995 0.0000
vt 0.2500 0.0995 0.0000
vt 0.5000 0.0995 0.0000
vt 0.7500 0.0995 0.0000
vt 1.0000 0.0995 0.0000
vt 0.0000 0.1065 0.0000
vt 0.2500 0.1065 0.0000
vt 0.5000 0.1065 0.0000
vt 0.7500 0.1065 0.0000
vt 1.0000 0.1065 0.0000
vt 0.0000 0.4116 0.0000
vt 0.2500 0.4116 0.0000
vt 0.5000 0.4116 0.0000
vt 0.7500 0.4116 0.0000
vt 1.0000 0.4116 0.0000
vt 0.0000 0.4123 0.0000
vt 0.2500 0.4123 0.0000
vt 0.5000 0.4123 0.0000
vt 0.7500 0.4123 0.0000
vt 1.0000 0.4123 0.0000
vt 0.0000 0.4129 0.0000
vt 0.2500 0.4129 0.0000
vt 0.5000 0.4129 0.0000
vt 0.7500 0.4129 0.0000
vt 1.0000 0.4129 0.0000
vt 0.0000 0.4135 0.0000
vt 0.2500 0.4135 0.0000
vt 0.5000 0.4135 0.0000
vt 0.7500 0.4135 0.0000
vt 1.0000 0.4135 0.0000
vt 0.0000 0.4141 0.0000
vt 0.2500 0.4141 0.0000
vt 0.5000 0.4141 0.0000
vt 0.7500 0.4141 0.0000
vt 1.0000 0.4141 0.0000
vt 0.0000 0.4147 0.0000
vt 0.2500 0.4147 0.0000
vt 0.5000 0.4147 0.0000
vt 0.7500 0.4147 0.0000
vt 1.0000 0.4147 0.0000
vt 0.0000 0.4153 0.0000
vt 0.2500 0.4153 0.0000
vt 0.5000 0.4153 0.0000
vt 0.7500 0.4153 0.0000
vt 1.0000 0.4153 0.0000
vt 0.0000 0.4159 0.0000
vt 0.2500 0.4159 0.0000
vt 0.5000 0.4159 0.0000
vt 0.7500 0.4159 0.0000
vt 1.0000 0.4159 0.0000
vt 0.0000 0.8141 0.0000
vt 0.2500 0.8141 0.0000
vt 0.5000 0.8141 0.0000
vt 0.7500 0.8141 0.0000
vt 1.0000 0.8141 0.0000
vt 0.0000 0.8147 0.0000
vt 0.2500 0.8147 0.0000
vt 0.5000 0.8147 0.0000
vt 0.7500 0.8147 0.0000
vt 1.0000 0.8147 0.0000
vt 0.0000 0.8153 0.0000
vt 0.2500 0.8153 0.0000
vt 0.5000 0.8153 0.0000
vt 0.7500 0.8153 0.0000
vt 1.0000 0.8153 0.0000
vt 0.0000 0.8159 0.0000
vt 0.2500 0.8159 0.0000
vt 0.5000 0.8159 0.0000
vt 0.7500 0.8159 0.0000
vt 1.0000 0.8159 0.0000
vt 0.0000 0.8165 0.0000
vt 0.2500 0.8165 0.0000
vt 0.5000 0.8165 0.0000
vt 0.7500 0.8165 0.0000
vt 1.0000 0.8165 0.0000
vt 0.0000 0.8171 0.0000
vt 0.2500 0.8171 0.0000
vt 0.5000 0.8171 0.0000
vt 0.7500 0.8171 0.0000
vt 1.0000 0.8171 0.0000
vt 0.0000 0.8177 0.0000
vt 0.2500 0.8177 0.0000
vt 0.5000 0.8177 0.0000
vt 0.7500 0.8177 0.0000
vt 1.0000 0.8177 0.0000
vt 0.0000 0.8184 0.0000
vt 0.2500 0.8184 0.0000
vt 0.5000 0.8184 0.0000
vt 0.7500 0.8184 0.0000
vt 1.0000 0.8184 0.0000
vt 0.0000 0.9540 0.0000
vt 0.2500 0.9540 0.0000
vt 0.5000 0.9540 0.0000
vt 0.7500 0.9540 0.0000
vt 1.0000 0.9540 0.0000
vt 0.0000 0.9546 0.0000
vt 0.2500 0.9546 0.0000
vt 0.5000 0.9546 0.0000
vt 0.7500 0.9546 0.0000
vt 1.0000 0.9546 0.0000
vt 0.0000 0.9553 0.0000
vt 0.2500 0.9553 0.0000
vt 0.5000 0.9553 0.0000
vt 0.7500 0.9553 0.0000
vt 1.0000 0.9553 0.0000
vt 0.0000 0.9559 0.0000
vt 0.2500 0.9559 0.0000
vt 0.5000 0.9559 0.0000
vt 0.7500 0.9559 0.0000
vt 1.0000 0.9559 0.0000
vt 0.0000 0.9565 0.0000
vt 0.2500 0.9565 0.0000
vt 0.5000 0.9565 0.0000
vt 0.7500 0.9565 0.0000
vt 1.0000 0.9565 0.0000
vt 0.0000 0.9571 0.0000
vt 0.2500 0.9571 0.0000
vt 0.5000 0.9571 0.0000
vt 0.7500 0.9571 0.0000
vt 1.0000 0.9571 0.0000
vt 0.0000 0.9577 0.0000
vt 0.2500 0.9577 0.0000
vt 0.5000 0.9577 0.0000
vt 0.7500 0.9577 0.0000
vt 1.0000 0.9577 0.0000
vt 0.0000 0.9583 0.0000
vt 0.2500 0.9583 0.0000
vt 0.5000 0.9583 0.0000
vt 0.7500 0.9583 0.0000
vt 1.0000 0.9583 0.0000
vt 0.0000 1.0000 0.0000
vt 0.2500 1.0000 0.0000
vt 0.5000 1.0000 0.0000
vt 0.7500 1.0000 0.0000
vt 1.0000 1.0000 0.0000
# 170 texture coords

o H_C
g H_C
s 1
f 625/781/538 626/782/539 627/783/540 628/784/541 
s 2
f 628/784/541 627/783/540 629/785/542 630/786/543 
s 1
f 630/786/543 629/785/542 631/787/544 632/788/545 
s 2
f 632/788/545 631/787/544 626/789/539 625/790/538 
s 1
f 626/782/539 633/791/546 634/792/547 627/783/540 
s 2
f 627/783/540 634/792/547 635/793/548 629/785/542 
s 1
f 629/785/542 635/793/548 636/794/549 631/787/544 
s 2
f 631/787/544 636/794/549 633/795/546 626/789/539 
s 1
f 633/791/546 637/796/550 638/797/551 634/792/547 
s 2
f 634/792/547 638/797/551 639/798/552 635/793/548 
s 1
f 635/793/548 639/798/552 640/799/553 636/794/549 
s 2
f 636/794/549 640/799/553 637/800/550 633/795/546 
s 1
f 637/796/550 641/801/554 642/802/555 638/797/551 
s 2
f 638/797/551 642/802/555 643/803/556 639/798/552 
s 1
f 639/798/552 643/803/556 644/804/557 640/799/553 
s 2
f 640/799/553 644/804/557 641/805/554 637/800/550 
s 1
f 641/801/554 645/806/558 646/807/559 642/802/555 
s 2
f 642/802/555 646/807/559 647/808/560 643/803/556 
s 1
f 643/803/556 647/808/560 648/809/561 644/804/557 
s 2
f 644/804/557 648/809/561 645/810/558 641/805/554 
s 1
f 645/806/558 649/811/562 650/812/563 646/807/559 
s 2
f 646/807/559 650/812/563 651/813/564 647/808/560 
s 1
f 647/808/560 651/813/564 652/814/565 648/809/561 
s 2
f 648/809/561 652/814/565 649/815/562 645/810/558 
s 1
f 649/811/562 653/816/566 654/817/567 650/812/563 
s 2
f 650/812/563 654/817/567 655/818/568 651/813/564 
s 1
f 651/813/564 655/818/568 656/819/569 652/814/565 
s 2
f 652/814/565 656/819/569 653/820/566 649/815/562 
s 1
f 653/816/566 657/821/570 658/822/571 654/817/567 
s 2
f 654/817/567 658/822/571 659/823/572 655/818/568 
s 1
f 655/818/568 659/823/572 660/824/573 656/819/569 
s 2
f 656/819/569 660/824/573 657/825/570 653/820/566 
s 1
f 657/821/570 661/826/574 662/827/575 658/822/571 
s 2
f 658/822/571 662/827/575 663/828/576 659/823/572 
s 1
f 659/823/572 663/828/576 664/829/577 660/824/573 
s 2
f 660/824/573 664/829/577 661/830/574 657/825/570 
s 1
f 661/826/574 665/831/566 666/832/578 662/827/575 
s 2
f 662/827/575 666/832/578 667/833/568 663/828/576 
s 1
f 663/828/576 667/833/568 668/834/579 664/829/577 
s 2
f 664/829/577 668/834/579 665/835/566 661/830/574 
s 1
f 665/831/566 669/836/580 670/837/581 666/832/578 
s 2
f 666/832/578 670/837/581 671/838/582 667/833/568 
s 1
f 667/833/568 671/838/582 672/839/583 668/834/579 
s 2
f 668/834/579 672/839/583 669/840/580 665/835/566 
s 1
f 669/836/580 673/841/558 674/842/584 670/837/581 
s 2
f 670/837/581 674/842/584 675/843/585 671/838/582 
s 1
f 671/838/582 675/843/585 676/844/586 672/839/583 
s 2
f 672/839/583 676/844/586 673/845/558 669/840/580 
s 1
f 673/841/558 677/846/554 678/847/587 674/842/584 
s 2
f 674/842/584 678/847/587 679/848/588 675/843/585 
s 1
f 675/843/585 679/848/588 680/849/589 676/844/586 
s 2
f 676/844/586 680/849/589 677/850/554 673/845/558 
s 1
f 677/846/554 681/851/550 682/852/590 678/847/587 
s 2
f 678/847/587 682/852/590 683/853/591 679/848/588 
s 1
f 679/848/588 683/853/591 684/854/592 680/849/589 
s 2
f 680/849/589 684/854/592 681/855/550 677/850/554 
s 1
f 681/851/550 685/856/546 686/857/593 682/852/590 
s 2
f 682/852/590 686/857/593 687/858/548 683/853/591 
s 1
f 683/853/591 687/858/548 688/859/594 684/854/592 
s 2
f 684/854/592 688/859/594 685/860/546 681/855/550 
s 1
f 685/856/546 689/861/539 690/862/595 686/857/593 
s 2
f 686/857/593 690/862/595 691/863/542 687/858/548 
s 1
f 687/858/548 691/863/542 692/864/596 688/859/594 
s 2
f 688/859/594 692/864/596 689/865/539 685/860/546 
s 1
f 689/861/539 693/866/597 694/867/598 690/862/595 
s 2
f 690/862/595 694/867/598 695/868/599 691/863/542 
s 1
f 691/863/542 695/868/599 696/869/600 692/864/596 
s 2
f 692/864/596 696/869/600 693/870/597 689/865/539 
s 1
f 693/866/597 697/871/601 698/872/602 694/867/598 
s 2
f 694/867/598 698/872/602 699/873/603 695/868/599 
s 1
f 695/868/599 699/873/603 700/874/604 696/869/600 
s 2
f 696/869/600 700/874/604 697/875/601 693/870/597 
s 1
f 697/871/601 701/876/605 702/877/606 698/872/602 
s 2
f 698/872/602 702/877/606 703/878/607 699/873/603 
s 1
f 699/873/603 703/878/607 704/879/608 700/874/604 
s 2
f 700/874/604 704/879/608 701/880/605 697/875/601 
s 1
f 701/876/605 705/881/609 706/882/610 702/877/606 
s 2
f 702/877/606 706/882/610 707/883/611 703/878/607 
s 1
f 703/878/607 707/883/611 708/884/612 704/879/608 
s 2
f 704/879/608 708/884/612 705/885/609 701/880/605 
s 1
f 705/881/609 709/886/613 710/887/614 706/882/610 
s 2
f 706/882/610 710/887/614 711/888/615 707/883/611 
s 1
f 707/883/611 711/888/615 712/889/616 708/884/612 
s 2
f 708/884/612 712/889/616 709/890/613 705/885/609 
s 1
f 709/886/613 713/891/617 714/892/618 710/887/614 
s 2
f 710/887/614 714/892/618 715/893/619 711/888/615 
s 1
f 711/888/615 715/893/619 716/894/620 712/889/616 
s 2
f 712/889/616 716/894/620 713/895/617 709/890/613 
s 1
f 713/891/617 717/896/621 718/897/622 714/892/618 
s 2
f 714/892/618 718/897/622 719/898/623 715/893/619 
s 1
f 715/893/619 719/898/623 720/899/624 716/894/620 
s 2
f 716/894/620 720/899/624 717/900/621 713/895/617 
s 1
f 717/896/621 721/901/625 722/902/626 718/897/622 
s 2
f 718/897/622 722/902/626 723/903/627 719/898/623 
s 1
f 719/898/623 723/903/627 724/904/628 720/899/624 
s 2
f 720/899/624 724/904/628 721/905/625 717/900/621 
s 1
f 721/901/625 725/906/572 726/907/571 722/902/626 
s 2
f 722/902/626 726/907/571 727/908/574 723/903/627 
s 1
f 723/903/627 727/908/574 728/909/573 724/904/628 
s 2
f 724/904/628 728/909/573 725/910/572 721/905/625 
s 1
f 725/906/572 729/911/629 730/912/567 726/907/571 
s 2
f 726/907/571 730/912/567 731/913/630 727/908/574 
s 1
f 727/908/574 731/913/630 732/914/569 728/909/573 
s 2
f 728/909/573 732/914/569 729/915/629 725/910/572 
s 1
f 729/911/629 733/916/631 734/917/632 730/912/567 
s 2
f 730/912/567 734/917/632 735/918/633 731/913/630 
s 1
f 731/913/630 735/918/633 736/919/634 732/914/569 
s 2
f 732/914/569 736/919/634 733/920/631 729/915/629 
s 1
f 733/916/631 737/921/635 738/922/559 734/917/632 
s 2
f 734/917/632 738/922/559 739/923/558 735/918/633 
s 1
f 735/918/633 739/923/558 740/924/561 736/919/634 
s 2
f 736/919/634 740/924/561 737/925/635 733/920/631 
s 1
f 737/921/635 741/926/636 742/927/637 738/922/559 
s 2
f 738/922/559 742/927/637 743/928/638 739/923/558 
s 1
f 739/923/558 743/928/638 744/929/639 740/924/561 
s 2
f 740/924/561 744/929/639 741/930/636 737/925/635 
s 1
f 741/926/636 745/931/591 746/932/551 742/927/637 
s 2
f 742/927/637 746/932/551 747/933/550 743/928/638 
s 1
f 743/928/638 747/933/550 748/934/553 744/929/639 
s 2
f 744/929/639 748/934/553 745/935/591 741/930/636 
s 1
f 745/931/591 749/936/640 750/937/641 746/932/551 
s 2
f 746/932/551 750/937/641 751/938/546 747/933/550 
s 1
f 747/933/550 751/938/546 752/939/642 748/934/553 
s 2
f 748/934/553 752/939/642 749/940/640 745/935/591 
s 1
f 749/936/640 753/941/643 754/942/540 750/937/641 
s 2
f 750/937/641 754/942/540 755/943/539 751/938/546 
s 1
f 751/938/546 755/943/539 756/944/544 752/939/642 
s 2
f 752/939/642 756/944/544 753/945/643 749/940/640 
s 1
f 753/941/643 757/946/543 758/947/644 754/942/540 
s 2
f 754/942/540 758/947/644 759/948/645 755/943/539 
s 1
f 755/943/539 759/948/645 760/949/646 756/944/544 
s 2
f 756/944/544 760/949/646 757/950/543 753/945/643 
s 4
f 628/781/541 630/781/543 632/781/545 625/781/538 
f 759/781/645 758/781/644 757/781/543 
f 760/781/646 759/781/645 757/781/543 
# 133 polygons - 2 triangles

